,title,author,illustrator,publisher,earliest date,latest date,amazon link,ranks list,average rank,weeks on list
0,WONDER,R.J. Palacio, ,Knopf,"August 30, 2015","August 11, 2024",http://www.amazon.com/Wonder-R-J-Palacio-ebook/dp/B0051ANPZQ?tag=thenewyorktim-20,"[1, 1, 1, 2, 1, 1, 1, 1, 1, 1, 1, 1, 1, 1, 1, 1, 2, 7, 4, 7, 1, 4, 5, 3, 4, 3, 3, 3, 7, 8, 4, 5, 4, 5, 4, 6, 3, 3, 2, 1, 1, 2, 2, 2, 3, 2, 2, 2, 3, 3, 2, 4, 4, 3, 2, 2, 2, 4, 2, 1, 1, 1, 2, 1, 1, 1, 2, 2, 3, 1, 2, 1, 1, 1, 1, 1, 6, 8, 7, 7, 5, 8, 4, 4, 3, 3, 3, 4, 4, 2, 2, 2, 1, 2, 1, 1, 1, 1, 2, 1, 1, 1, 1, 1, 1, 1, 1, 1, 1, 1, 2, 1, 1, 1, 2, 1, 1, 1, 1, 2, 3, 1, 2, 3, 1, 1, 2, 6, 7, 5, 4, 3, 2, 2, 1, 4, 1, 2, 1, 1, 1, 1, 1, 2, 2, 2, 1, 1, 2, 1, 3, 1, 4, 2, 2, 3, 6, 1, 2, 2, 2, 6, 5, 5, 7, 8, 6, 10, 7, 5, 7, 5, 4, 6, 9, 8, 8, 7, 3, 4, 3, 4, 6, 4, 4, 3, 3, 3, 3, 3, 2, 2, 2, 2, 3, 2, 2, 3, 3, 2, 5, 3, 3, 3, 2, 2, 3, 7, 5, 3, 4, 3, 3, 1, 4, 8, 6, 5, 2, 1, 1, 3, 8, 5, 6, 6, 5, 3, 3, 4, 3, 7, 4, 3, 3, 2, 2, 2, 2, 2, 2, 2, 2, 2, 2, 2, 3, 4, 3, 4, 3, 3, 2, 2, 3, 3, 3, 3, 6, 3, 1, 3, 1, 1, 1, 1, 1, 1, 3, 1, 1, 2, 2, 1, 1, 3, 2, 1, 1, 1, 1, 1, 2, 2, 1, 2, 2, 1, 1, 1, 1, 1, 1, 1, 1, 1, 1, 2, 1, 1, 1, 1, 1, 1, 1, 1, 1, 1, 1, 1, 2, 1, 1, 1, 1, 1, 1, 1, 1, 1, 1, 1, 1, 1, 1, 1, 1, 1, 1, 1, 1, 1, 1, 1, 1, 1, 1, 1, 1, 1, 1, 1, 1, 1, 1, 1, 1, 1, 1, 1, 1, 1, 1, 2, 2, 2, 2, 1, 1, 2, 2, 2, 3, 3, 2, 2, 3, 2, 2, 2, 2, 2, 2, 2, 4, 4, 2, 5, 3, 2, 2, 2, 2, 2, 2, 1, 1, 1, 1, 2, 1, 1, 1, 2, 4, 3, 3, 4, 3, 3, 2, 2, 2, 3, 3, 2, 2, 1, 1, 1, 2, 2, 1, 1, 1, 2, 1, 5, 6, 4, 3, 2, 3, 2, 2, 2, 2, 2, 2, 1, 1, 1, 1, 1, 1, 1]",2.408256880733945,436
1,HEROES,Alan Gratz, ,Scholastic,"February 25, 2024","August 11, 2024",https://www.amazon.com/dp/1338736078?tag=thenewyorktim-20,"[2, 2, 3, 3, 5, 4, 5, 5, 5, 4, 4, 4, 3, 2, 2, 2, 1, 1, 1, 1, 6, 3, 1, 1, 1]",2.84,25
2,REFUGEE,Alan Gratz, ,Scholastic,"August 13, 2017","August 11, 2024",https://www.amazon.com/Refugee-Alan-Gratz/dp/0545880831?tag=thenewyorktim-20,"[3, 3, 2, 1, 2, 2, 2, 2, 2, 7, 5, 3, 7, 9, 8, 9, 2, 3, 4, 7, 4, 6, 7, 6, 7, 7, 6, 6, 1, 2, 2, 3, 3, 1, 2, 3, 3, 3, 2, 2, 4, 3, 3, 4, 3, 3, 3, 3, 4, 2, 2, 2, 3, 2, 2, 2, 3, 3, 1, 2, 1, 3, 3, 2, 2, 8, 8, 8, 6, 10, 5, 6, 5, 5, 4, 3, 2, 3, 2, 2, 2, 2, 1, 2, 2, 2, 2, 2, 2, 2, 2, 2, 3, 3, 1, 2, 2, 4, 3, 2, 3, 2, 2, 3, 2, 7, 5, 4, 3, 4, 1, 10, 4, 4, 4, 4, 5, 2, 3, 5, 2, 2, 2, 2, 4, 1, 4, 2, 2, 3, 2, 1, 2, 3, 4, 5, 7, 7, 4, 5, 3, 6, 7, 7, 8, 6, 8, 8, 5, 5, 5, 6, 5, 5, 6, 4, 5, 4, 4, 5, 6, 5, 4, 5, 4, 5, 6, 6, 4, 6, 4, 9, 9, 9, 10, 7, 5, 4, 5, 2, 8, 4, 7, 4, 2, 2, 6, 5, 5, 4, 8, 8, 8, 5, 3, 3, 3, 3, 3, 3, 3, 3, 3, 4, 4, 2, 4, 3, 4, 2, 5, 3, 6, 4, 6, 7, 8, 3, 4, 8, 7, 7, 6, 9, 4, 5, 3, 9, 8, 6, 5, 6, 5, 5, 3, 3, 2, 2, 2, 2, 2, 2, 3, 3, 4, 4, 3, 3, 3, 3, 3, 6, 3, 4, 3, 8, 10, 10, 9, 7, 9, 6, 6, 10, 8]",4.2377358490566035,265
3,THE SUN AND THE STAR,Rick Riordan and Mark Oshiro, ,Disney Hyperion,"May 21, 2023","August 11, 2024",https://www.amazon.com/dp/1368081150?tag=thenewyorktim-20,"[4, 4, 4, 5, 4, 5, 3, 8, 7, 6, 7, 6, 5, 9, 4, 4, 3, 2, 2, 2, 10, 6, 5, 4, 5, 3, 4, 2, 2, 1, 1, 5, 5, 5, 5, 4, 5, 4, 5, 7, 5, 4, 2, 4, 5, 4, 3, 1, 1, 3, 1, 1, 1, 1, 1, 1, 1, 1, 2, 1, 1, 1, 1, 1, 1]",3.5384615384615383,65
4,WINGS OF FIRE: A GUIDE TO THE DRAGON WORLD,Tui T. Sutherland,Joy Ang,Scholastic,"October 22, 2023","August 11, 2024",https://www.amazon.com/dp/1338634828?tag=thenewyorktim-20,"[5, 5, 7, 7, 7, 7, 10, 6, 8, 8, 7, 6, 10, 5, 6, 4, 3, 6, 7, 8, 6, 7, 9, 7, 6, 5, 6, 3, 4, 3, 3, 3, 3, 3, 1, 3, 1, 1, 1, 3, 1]",5.146341463414634,41
5,THE MISFITS: A ROYAL CONUNDRUM,Lisa Yee,Dan Santat,Random House,"January 28, 2024","August 11, 2024",https://www.amazon.com/dp/1984830295?tag=thenewyorktim-20,"[6, 6, 9, 8, 3, 3, 6, 3, 3, 3, 3, 8, 8, 8, 4, 7]",5.5,16
6,ODDER,Katherine Applegate,Charles Santoso,Feiwel & Friends,"October 9, 2022","August 11, 2024",https://www.amazon.com/dp/1250147425?tag=thenewyorktim-20,"[7, 8, 5, 9, 9, 8, 4, 6, 4, 5, 6, 5, 7, 8, 3, 5, 8, 9, 8, 9, 8, 8, 8, 10, 10, 10, 10, 9, 10, 10, 9, 9, 8, 5, 6, 4, 4, 4, 4, 4, 4, 6, 10, 9, 9, 8, 6, 7, 8, 8, 6, 8, 4, 6, 4, 4, 5, 3, 6, 7, 4, 7, 3, 6, 5, 2, 5, 7, 4, 3, 7, 5, 4, 4, 4, 7, 2, 4, 2, 2, 3, 6, 4, 1]",6.095238095238095,84
7,THEY CALL ME NO SAM!,Drew Daywalt,Mike Lowery,Clarion,"June 23, 2024","August 11, 2024",https://www.amazon.com/dp/035861290X?tag=thenewyorktim-20,"[8, 7, 6, 6, 6, 9, 9, 10]",7.625,8
8,THE EYES AND THE IMPOSSIBLE,Dave Eggers,Shawn Harris,"Knopf, McSweeney's","May 28, 2023","August 11, 2024",https://www.amazon.com/dp/1524764205?tag=thenewyorktim-20,"[9, 10, 10, 10, 9, 8, 8, 4, 7, 7, 7, 6, 5, 8, 7, 7, 10, 1, 1, 10, 5, 4, 2]",6.739130434782608,23
9,THE COMPLETE COOKBOOK FOR YOUNG CHEFS,America's Test Kitchen Kids, ,Sourcebooks Jabberwocky,"November 4, 2018","August 11, 2024",https://www.amazon.com/Complete-Cookbook-Young-Chefs/dp/1492670022?tag=thenewyorktim-20,"[10, 9, 8, 10, 8, 6, 7, 7, 8, 2, 2, 2, 2, 6, 8, 3, 5, 5, 3, 3, 10, 9, 6, 7, 10, 7, 6, 5, 4, 2, 1, 1, 1, 1, 1, 2, 1, 2, 8, 9, 10, 6, 7, 10, 8, 9, 5, 7, 4, 5, 8, 10, 7, 5, 6, 9, 7, 6, 6, 3, 5, 6, 3, 5, 3, 5, 6, 4, 5, 5, 7, 5, 4, 3, 2, 1, 1, 1, 1, 1, 1, 3, 3, 5, 7, 8, 7, 5, 9, 3, 2, 2, 2, 3, 2, 6, 6, 6, 10, 8, 10, 8, 10, 8, 8, 7, 8, 6, 6, 10, 9, 8, 7, 8, 9, 9, 6, 4, 3, 2, 2, 2, 3, 5, 6, 6, 10, 10, 5, 8, 9, 8, 7, 6, 7, 8, 8, 7, 7, 4, 3, 4, 3, 3, 5, 5, 3, 4, 2, 2, 2, 1, 1, 1, 1, 2, 1, 3, 6, 6, 4, 9, 7, 8, 6, 9, 6, 7, 4, 1, 1, 1, 1, 1, 1, 2, 4, 6, 5, 9, 5, 9, 7, 8, 7, 9, 4, 7, 9, 8, 9, 10, 1, 9, 1, 1, 6, 1, 1, 2, 2, 2, 3, 4, 4, 5]",5.213592233009709,206
10,FAKER,Gordon Korman, ,Scholastic,"July 21, 2024","July 28, 2024",https://www.amazon.com/dp/1338826751?tag=thenewyorktim-20,"[10, 4]",7.0,2
11,FERRIS,Kate DiCamillo, ,Candlewick,"March 24, 2024","July 7, 2024",https://www.amazon.com/dp/1536231053?tag=thenewyorktim-20,"[10, 10, 4, 6, 10, 9, 4, 4, 6, 2]",6.5,10
12,ROSWELL JOHNSON SAVES THE WORLD!,Chris Colfer, ,"Little, Brown","June 23, 2024","June 30, 2024",https://www.amazon.com/dp/0316515043?tag=thenewyorktim-20,"[8, 4]",6.0,2
13,GREENWILD: THE CITY BEYOND THE SEA,Pari Thomson, ,"Farrar, Straus & Giroux","June 23, 2024","June 23, 2024",https://www.amazon.com/dp/0374391394?tag=thenewyorktim-20,[9],9.0,1
14,GROUND ZERO,Alan Gratz, ,Scholastic,"February 21, 2021","June 16, 2024",https://www.amazon.com/dp/1338245759?tag=thenewyorktim-20,"[9, 10, 7, 9, 9, 9, 8, 9, 9, 9, 8, 4, 5, 5, 4, 6, 5, 4, 4, 3, 6, 5, 10, 6, 5, 7, 8, 9, 8, 8, 6, 8, 7, 8, 7, 6, 3, 5, 2, 4, 3, 3, 4, 9, 9, 9, 8, 8, 10, 9, 9, 9, 7, 9, 8, 9, 8, 9, 9, 9, 4, 5, 1]",6.857142857142857,63
15,A HORSE NAMED SKY,Rosanne Parry,Kirbi Fagan,Greenwillow,"September 17, 2023","June 9, 2024",https://www.amazon.com/dp/0062995952?tag=thenewyorktim-20,"[9, 10, 9, 9, 10, 8, 10, 9, 10, 9, 9, 9, 10, 8, 9, 8, 9, 6, 9, 8, 5, 6, 3, 4, 4]",8.0,25
16,THE SECRET LIBRARY,Kekla Magoon, ,Candlewick,"May 26, 2024","May 26, 2024",https://www.amazon.com/dp/153623088X?tag=thenewyorktim-20,[10],10.0,1
17,COYOTE LOST AND FOUND,Dan Gemeinhart, ,Holt,"March 24, 2024","May 19, 2024",https://www.amazon.com/dp/1250292778?tag=thenewyorktim-20,"[10, 9, 10, 10, 3]",8.4,5
18,MAGNOLIA WU UNFOLDS IT ALL,Chanel Miller, ,Philomel,"May 12, 2024","May 12, 2024",https://www.amazon.com/dp/0593624521?tag=thenewyorktim-20,[3],3.0,1
19,TREE. TABLE. BOOK,Lois Lowry, ,Clarion,"May 12, 2024","May 12, 2024",https://www.amazon.com/dp/006329950X?tag=thenewyorktim-20,[5],5.0,1
20,THE MYSTERY OF LOCKED ROOMS,Lindsay Currie, ,Sourcebooks,"April 21, 2024","April 21, 2024",https://www.amazon.com/dp/1728259533?tag=thenewyorktim-20,[6],6.0,1
21,WONKA,Sibéal Pounder, ,Viking,"January 7, 2024","April 21, 2024",https://www.amazon.com/dp/0593528689?tag=thenewyorktim-20,"[10, 8, 9, 5, 3, 2, 2, 2, 2, 1, 1, 2, 3, 6]",4.0,14
22,LOUDER THAN HUNGER,John Schu, ,Candlewick,"April 7, 2024","April 7, 2024",https://www.amazon.com/dp/1536229091?tag=thenewyorktim-20,[7],7.0,1
23,STAY CURIOUS AND KEEP EXPLORING: NEXT LEVEL,Emily Calandrelli, ,Chronicle Prism,"March 24, 2024","March 31, 2024",https://www.amazon.com/dp/1797226487?tag=thenewyorktim-20,"[5, 1]",3.0,2
24,"UNSTOPPABLE US, VOL. 2",Yuval Noah Harari,Ricard Zaplana Ruiz,Bright Matter,"March 24, 2024","March 24, 2024",https://www.amazon.com/dp/0593711521?tag=thenewyorktim-20,[4],4.0,1
25,UPRISING,Jennifer A. Nielsen, ,Scholastic,"March 24, 2024","March 24, 2024",https://www.amazon.com/dp/1338795082?tag=thenewyorktim-20,[5],5.0,1
26,"UNSTOPPABLE US, VOL. 1",Yuval Noah Harari,Ricard Zaplana Ruiz,Bright Matter,"November 20, 2022","March 24, 2024",https://www.amazon.com/dp/0593643461?tag=thenewyorktim-20,"[9, 4, 5, 5, 6, 7]",6.0,6
27,MAX IN THE HOUSE OF SPIES,Adam Gidwitz, ,Dutton,"March 17, 2024","March 17, 2024",https://www.amazon.com/dp/0593112083?tag=thenewyorktim-20,[2],2.0,1
28,FINALLY HEARD,Kelly Yang, ,Simon & Schuster,"March 17, 2024","March 17, 2024",https://www.amazon.com/dp/1665947934?tag=thenewyorktim-20,[4],4.0,1
29,LITTLE LEADERS,Vashti Harrison, ,"Little, Brown","December 24, 2017","March 10, 2024",https://www.amazon.com/Little-Leaders-Women-Black-History/dp/0316475114?tag=thenewyorktim-20,"[8, 8, 6, 5, 9, 8, 5, 6, 3, 4, 4, 3, 4, 6, 5, 5, 1, 1, 5, 2, 7, 7, 7, 8, 7, 3, 2, 1, 3, 2, 2, 2, 8, 9, 10, 9, 10, 4, 5, 6, 4, 3, 3, 8, 1, 5, 4, 2, 2, 3, 5, 5, 6, 2, 9, 7, 10, 9, 6, 2, 2, 2, 8, 9, 8, 7, 6, 4, 5, 4, 2, 2, 2, 2, 2, 3, 3, 3, 5, 3]",4.85,80
30,THE COMPLETE BAKING BOOK FOR YOUNG CHEFS,America's Test Kitchen Kids, ,Sourcebooks Explore,"October 20, 2019","March 10, 2024",https://www.amazon.com/Complete-Baking-Book-Young-Chefs/dp/1492677698?tag=thenewyorktim-20,"[10, 6, 2, 2, 2, 2, 2, 6, 7, 6, 5, 3, 3, 2, 2, 3, 5, 6, 9, 8, 5, 4, 4, 5, 5, 3, 7, 6, 6, 6, 8, 4, 4, 4, 5, 4, 8, 8, 6, 10, 10, 9, 7, 8, 7, 10, 5, 8, 4, 4, 3, 5, 5, 4, 6, 5, 4, 4, 3, 4, 7, 4, 7]",5.333333333333333,63
31,LITTLE LEGENDS: EXCEPTIONAL MEN IN BLACK HISTORY,Vashti Harrison with Kwesi Johnson, ,"Little, Brown","December 8, 2019","March 3, 2024",https://www.amazon.com/Little-Legends-Exceptional-Black-History/dp/0316475149?tag=thenewyorktim-20,"[9, 10, 6, 10, 8, 7, 4, 2, 8, 7, 5, 9, 7, 3, 3, 2, 7, 3, 6, 6, 7, 6, 4, 4, 3, 6, 6, 9, 8, 10, 7, 4, 2, 6, 6, 4, 1, 10, 8, 9, 8, 9, 3]",6.093023255813954,43
32,BARRACOON: ADAPTED FOR YOUNG READERS,Zora Neale Hurston. Adapted Ibram X. Kendi,Jazzmen Lee-Johnson,Amistad,"February 11, 2024","February 18, 2024",https://www.amazon.com/dp/0063098334?tag=thenewyorktim-20,"[9, 5]",7.0,2
33,DOGTOWN,Katherine Applegate and Gennifer Choldenko,Wallace West,Feiwel & Friends,"October 8, 2023","February 4, 2024",https://www.amazon.com/dp/1250811600?tag=thenewyorktim-20,"[9, 9, 10, 9, 10, 7, 8, 9, 9, 10, 10, 10, 8, 4]",8.714285714285714,14
34,THE OFFICIAL HARRY POTTER COOKBOOK,Joanna Farrow, ,Scholastic,"September 24, 2023","February 4, 2024",https://www.amazon.com/dp/1338893076?tag=thenewyorktim-20,"[10, 7, 7, 6, 6, 7, 6, 7, 6, 6, 2, 2, 5, 5, 7, 3, 5, 6]",5.722222222222222,18
35,THE LOST LIBRARY,Rebecca Stead and Wendy Mass, ,Feiwel & Friends,"September 17, 2023","January 28, 2024",https://www.amazon.com/dp/1250838819?tag=thenewyorktim-20,"[10, 10, 10, 10, 7, 9, 5]",8.714285714285714,7
36,THE HARRY POTTER WIZARDING ALMANAC,J.K. Rowling,Various illustrators,Scholastic,"October 29, 2023","January 21, 2024",https://www.amazon.com/dp/1339018144?tag=thenewyorktim-20,"[5, 5, 4, 4, 4, 4, 5, 3, 2, 3, 4, 3, 1]",3.6153846153846154,13
37,JUNIPER'S CHRISTMAS,Eoin Colfer, ,Roaring Brook,"December 10, 2023","January 7, 2024",https://www.amazon.com/dp/1250321948?tag=thenewyorktim-20,"[8, 8, 7, 6, 7]",7.2,5
38,THE PUPPETS OF SPELHORST,Kate DiCamillo,Julie Morstad,Candlewick Press,"October 29, 2023","December 17, 2023",https://www.amazon.com/dp/1536216755?tag=thenewyorktim-20,"[8, 8, 8, 9, 9, 2]",7.333333333333333,6
39,THE WHEEL OF THE YEAR,Fiona Cook,Jessica Roux,Andrews McMeel,"November 12, 2023","November 12, 2023",https://www.amazon.com/dp/1524874809?tag=thenewyorktim-20,[3],3.0,1
40,CHINESE MENU,Grace Lin, ,"Little, Brown","October 1, 2023","November 12, 2023",https://www.amazon.com/dp/0316486000?tag=thenewyorktim-20,"[8, 6]",7.0,2
41,REMEMBER US,Jacqueline Woodson, ,Nancy Paulsen,"November 5, 2023","November 5, 2023",https://www.amazon.com/dp/0399545468?tag=thenewyorktim-20,[8],8.0,1
42,WRECKER,Carl Hiaasen, ,Knopf,"October 15, 2023","October 29, 2023",https://www.amazon.com/dp/0593376285?tag=thenewyorktim-20,"[8, 9, 1]",6.0,3
43,ROSIE FROST AND THE FALCON QUEEN,Geri Halliwell-Horner, ,Philomel,"October 22, 2023","October 22, 2023",https://www.amazon.com/dp/0593623347?tag=thenewyorktim-20,[4],4.0,1
44,THE LITTLE KID WITH THE BIG GREEN HAND,Matthew Gray Gubler, ,Amulet,"October 15, 2023","October 22, 2023",https://www.amazon.com/dp/1419771221?tag=thenewyorktim-20,"[7, 2]",4.5,2
45,GREEKING OUT,Kenny Curtis and Jillian Hughes,Javier Espila,National Geographic Kids,"October 8, 2023","October 8, 2023",https://www.amazon.com/dp/1426375964?tag=thenewyorktim-20,[7],7.0,1
46,"STUNTBOY, IN-BETWEEN TIME",Jason Reynolds,Raúl the Third,Atheneum/Caitlyn Dlouhy,"September 24, 2023","September 24, 2023",https://www.amazon.com/dp/1534418229?tag=thenewyorktim-20,[7],7.0,1
47,A ROVER'S STORY,Jasmine Warga, ,Balzer + Bray,"October 23, 2022","September 24, 2023",https://www.amazon.com/dp/0063113929?tag=thenewyorktim-20,"[8, 9, 10, 9, 7, 10, 8, 7, 9]",8.555555555555555,9
48,GREENWILD,Pari Thomson, ,"Farrar, Straus & Giroux","June 25, 2023","September 17, 2023",https://www.amazon.com/dp/0374391378?tag=thenewyorktim-20,"[8, 9, 10, 10, 9, 8]",9.0,6
49,WORST BROOMMATE EVER!,Wanda Coven,Anna Abramskaya,Simon Spotlight,"June 25, 2023","September 17, 2023",https://www.amazon.com/dp/1665925280?tag=thenewyorktim-20,"[9, 8, 8, 8, 7, 5, 7, 4, 6, 6, 6, 7, 9]",6.923076923076923,13
50,THE SWIFTS: A DICTIONARY OF SCOUNDRELS,Beth Lincoln,Claire Powell,Dutton,"June 4, 2023","September 17, 2023",https://www.amazon.com/dp/0593533232?tag=thenewyorktim-20,"[10, 7, 5, 5, 5, 6, 8, 5, 7, 7, 7, 6, 5, 4, 4, 5]",6.0,16
51,TWO DEGREES,Alan Gratz, ,Scholastic,"October 23, 2022","September 10, 2023",https://www.amazon.com/dp/1338735675?tag=thenewyorktim-20,"[5, 6, 6, 6, 7, 8, 8, 8, 7, 9, 10, 5, 4, 4, 5, 6, 5, 6, 4, 7, 6, 6, 6, 6, 3, 2, 6, 6, 5, 7, 7, 8, 7, 9, 4, 4, 2, 1]",5.815789473684211,38
52,NIC BLAKE AND THE REMARKABLES,Angie Thomas, ,Balzer + Bray,"April 23, 2023","September 10, 2023",https://www.amazon.com/dp/0063225131?tag=thenewyorktim-20,"[9, 10, 3, 7, 3, 1]",5.5,6
53,SKANDAR AND THE UNICORN THIEF,A.F. Steadman, ,Simon & Schuster,"May 22, 2022","September 10, 2023",https://www.amazon.com/dp/1665912731?tag=thenewyorktim-20,"[10, 7, 10, 8, 9, 8, 9, 9, 8, 7, 8, 6, 4, 3, 3, 3, 3, 3, 4, 3, 3, 3, 3, 4, 3, 3, 3, 2, 2, 4]",5.166666666666667,30
54,FALL OF THE SCHOOL FOR GOOD AND EVIL,Soman Chainani,RaidesArt,HarperCollins,"May 21, 2023","July 30, 2023",https://www.amazon.com/dp/0063269538?tag=thenewyorktim-20,"[10, 9, 10, 10, 10, 10, 8, 7]",9.25,8
55,"CATCH A CRAYFISH, COUNT THE STARS",Steven Rinella with Brody Henderson,Max Temescu,Random House,"July 2, 2023","July 23, 2023",https://www.amazon.com/dp/0593448979?tag=thenewyorktim-20,"[5, 3, 2, 1]",2.75,4
56,CROWNED,Kahran and Regis Bethencourt, ,St. Martin's,"June 25, 2023","July 9, 2023",https://www.amazon.com/dp/1250281385?tag=thenewyorktim-20,"[5, 5, 2]",4.0,3
57,SKANDAR AND THE PHANTOM RIDER,A.F. Steadman, ,Simon & Schuster,"May 21, 2023","June 18, 2023",https://www.amazon.com/dp/1665912766?tag=thenewyorktim-20,"[6, 7, 7, 5, 3]",5.6,5
58,ONCE THERE WAS,Kiyash Monsef, ,Simon & Schuster,"April 23, 2023","June 11, 2023",https://www.amazon.com/dp/1665928506?tag=thenewyorktim-20,"[10, 9, 8, 8, 7, 9]",8.5,6
59,BIG TREE,Brian Selznick, ,Scholastic,"April 23, 2023","June 4, 2023",https://www.amazon.com/dp/1338180630?tag=thenewyorktim-20,"[6, 10, 10, 5, 5, 6, 10]",7.428571428571429,7
60,IT'S NOT BRAGGING IF IT'S TRUE,Zaila Avant-garde with Marti Dumas, ,Random House,"May 21, 2023","May 21, 2023",https://www.amazon.com/dp/0593568990?tag=NYTBSREV-20,[5],5.0,1
61,THE GOLDEN FROG GAMES,Claribel A. Ortega, ,Scholastic,"May 21, 2023","May 21, 2023",https://www.amazon.com/dp/1338745794?tag=NYTBSREV-20,[9],9.0,1
62,FREEWATER,Amina Luqman-Dawson, ,"Little, Brown","April 9, 2023","May 14, 2023",https://www.amazon.com/dp/0316056618?tag=NYTBSREV-20,"[9, 10, 6, 6]",7.75,4
63,THE SWIFTS,Beth Lincoln,Claire Powell,Dutton,"February 26, 2023","May 14, 2023",https://www.amazon.com/dp/0593533232?tag=NYTBSREV-20,"[10, 8, 8, 8, 10, 9, 9, 9]",8.875,8
64,THE RHYTHM OF TIME,Questlove with S.A. Cosby, ,Putnam,"May 7, 2023","May 7, 2023",https://www.amazon.com/dp/0593354060?tag=NYTBSREV-20,[4],4.0,1
65,I AM THE WALRUS,Neal Shusterman and Eric Elfman, ,"Little, Brown","April 30, 2023","April 30, 2023",https://www.amazon.com/dp/0759555249?tag=NYTBSREV-20,[9],9.0,1
66,STAR WARS: THE HIGH REPUBLIC: QUEST FOR PLANET X,Tessa Gratton, ,Disney Lucasfilm,"April 23, 2023","April 23, 2023",https://www.amazon.com/dp/1368082874?tag=NYTBSREV-20,[7],7.0,1
67,THE SISTER SWITCH,Sarah Mlynowski and Debbie Rigaud,Maxine Vee,Scholastic,"April 23, 2023","April 23, 2023",https://www.amazon.com/dp/1338628283?tag=NYTBSREV-20,[8],8.0,1
68,ICEBERG,Jennifer A. Nielsen, ,Scholastic,"March 26, 2023","April 16, 2023",https://www.amazon.com/dp/1338795023?tag=NYTBSREV-20,"[7, 7, 4, 1]",4.75,4
69,ON AIR WITH ZOE WASHINGTON,Janae Marks, ,Katherine Tegen,"March 5, 2023","April 16, 2023",https://www.amazon.com/dp/0063212315?tag=NYTBSREV-20,"[9, 10, 10, 10]",9.75,4
70,FINALLY SEEN,Kelly Yang, ,Simon & Schuster,"March 19, 2023","April 16, 2023",https://www.amazon.com/dp/1534488332?tag=NYTBSREV-20,"[10, 10, 7, 4, 1]",6.4,5
71,THE DOOR OF NO RETURN,Kwame Alexander, ,"Little, Brown","October 16, 2022","April 9, 2023",https://www.amazon.com/dp/0316441864?tag=NYTBSREV-20,"[9, 9, 10, 8, 8, 7, 8, 8, 5, 10, 9, 9, 8, 10, 10, 10, 8, 1]",8.166666666666666,18
72,NEW FROM HERE,Kelly Yang, ,Simon & Schuster,"March 20, 2022","March 26, 2023",https://www.amazon.com/dp/1534488308?tag=NYTBSREV-20,"[8, 9, 10, 7, 1]",7.0,5
73,"STUNTBOY, IN THE MEANTIME",Jason Reynolds,Raúl the Third,Atheneum/Caitlyn Dlouhy,"December 19, 2021","March 26, 2023",https://www.amazon.com/dp/1534418164?tag=NYTBSREV-20,"[9, 9, 10, 7, 9, 9, 7, 5, 6, 5, 10, 8, 4, 5, 10, 8, 6, 10, 7, 7, 10, 8, 9, 7, 8, 9, 9, 10, 9, 7, 9, 7, 8, 7, 4]",7.771428571428571,35
74,THE HUMAN KABOOM,Adam Rubin, ,Putnam,"March 12, 2023","March 19, 2023",https://www.amazon.com/dp/0593462394?tag=NYTBSREV-20,"[7, 2]",4.5,2
75,THE WINDEBY PUZZLE,Lois Lowry, ,Clarion,"March 5, 2023","March 5, 2023",https://www.amazon.com/dp/0358672503?tag=NYTBSREV-20,[8],8.0,1
76,DAUGHTER OF THE DEEP,Rick Riordan, ,Disney-Hyperion,"November 14, 2021","February 26, 2023",https://www.amazon.com/dp/1368077927?tag=NYTBSREV-20,"[10, 10, 9, 10, 10, 10, 10, 9, 7, 7, 6, 4, 4, 5, 6, 10, 4, 4, 8, 4, 7, 6, 5, 5, 7, 5, 6, 4, 3, 2, 5, 3, 5, 3, 3, 5, 6, 4, 4, 5, 6, 5, 4, 2, 3, 3, 3, 2, 4, 3, 2, 2]",5.365384615384615,52
77,THE LAST CUENTISTA,Donna Barba Higuera, ,Levine Querido,"February 13, 2022","February 19, 2023",https://www.amazon.com/dp/1646140893?tag=NYTBSREV-20,"[10, 8, 9, 7, 6, 6, 6, 10, 5, 8, 5, 6, 9, 5, 4, 9, 9, 10, 8, 7, 3, 8, 9, 4, 4, 6, 4, 10, 10, 2, 9, 2]",6.8125,32
78,AMARI AND THE GREAT GAME,B.B. Alston, ,Balzer + Bray,"September 18, 2022","February 12, 2023",https://www.amazon.com/dp/0062975196?tag=NYTBSREV-20,"[10, 10, 6, 9, 9, 9, 9, 10, 5, 9, 9, 10, 6, 3, 5, 3, 1]",7.235294117647059,17
79,WARRIORS: A STARLESS CLAN: SKY,Erin Hunter, ,HarperCollins,"November 20, 2022","January 22, 2023",https://www.amazon.com/dp/0063050153?tag=NYTBSREV-20,"[9, 8, 10, 2]",7.25,4
80,THE CHRISTMAS PIG,J.K. Rowling,Jim Field,Scholastic,"October 31, 2021","January 15, 2023",https://www.amazon.com/dp/1338790234?tag=NYTBSREV-20,"[7, 2, 2, 3, 3, 2, 1, 5, 8, 1, 1, 1, 1, 1, 1, 1, 1, 1, 1, 1]",2.2,20
81,THE OFFICIAL HARRY POTTER BAKING BOOK,Joanna Farrow, ,Scholastic,"August 8, 2021","January 8, 2023",https://www.amazon.com/dp/1338285262?tag=NYTBSREV-20,"[4, 4, 6, 6, 7, 4, 5, 4, 3, 7, 5, 9, 7, 6, 9, 8, 5, 3, 6, 1]",5.45,20
82,THE HOCUS POCUS SPELL BOOK,Eric Geron, ,Disney,"October 23, 2022","December 18, 2022",https://www.amazon.com/dp/1368076696?tag=NYTBSREV-20,"[10, 6, 2, 1, 1, 1, 1, 1, 2]",2.7777777777777777,9
83,WILLODEEN,Katherine Applegate, ,Feiwel & Friends,"September 26, 2021","November 13, 2022",https://www.amazon.com/dp/1250147409?tag=NYTBSREV-20,"[6, 5, 10, 6, 9, 7, 8, 7, 7, 4]",6.9,10
84,BOYS WILL BE HUMAN,Justin Baldoni, ,HarperCollins,"October 23, 2022","November 6, 2022",https://www.amazon.com/dp/0063067188?tag=NYTBSREV-20,"[6, 5, 3]",4.666666666666667,3
85,THE MIDNIGHT CHILDREN,Dan Gemeinhart, ,Holt,"October 2, 2022","October 23, 2022",https://www.amazon.com/dp/1250196728?tag=NYTBSREV-20,"[7, 3, 5, 1]",4.0,4
86,THE STARS DID WANDER DARKLING,Colin Meloy, ,Balzer + Bray,"October 2, 2022","October 9, 2022",https://www.amazon.com/dp/006301551X?tag=NYTBSREV-20,"[9, 7]",8.0,2
87,"PAX, JOURNEY HOME",Sara Pennypacker,Jon Klassen,Balzer + Bray,"September 26, 2021","October 9, 2022",https://www.amazon.com/dp/0062930346?tag=NYTBSREV-20,"[10, 8, 8, 8, 7, 7, 7, 9, 8, 8, 9, 10, 10, 7, 6, 10, 8, 4, 10, 10, 10, 10, 10, 10, 10, 9, 10, 10, 6, 7, 6, 10, 8, 6, 3]",8.257142857142858,35
88,THE MARVELLERS,Dhonielle Clayton, ,Holt,"May 22, 2022","September 25, 2022",https://www.amazon.com/dp/1250174945?tag=NYTBSREV-20,"[4, 10, 8, 10, 10, 10, 8, 7, 4, 7, 3]",7.363636363636363,11
89,OUT OF MY HEART,Sharon M. Draper, ,Atheneum,"November 28, 2021","September 25, 2022",https://www.amazon.com/dp/1665902167?tag=NYTBSREV-20,"[9, 9, 8, 6, 6, 8, 7, 7, 9, 5, 9, 7, 6, 6, 9, 6, 10, 7, 4, 7, 6, 5, 7, 5, 5, 8, 9, 8, 6, 8, 8, 8, 5, 8, 7, 10, 8, 6, 6, 2]",7.0,40
90,THE CURSED CARNIVAL AND OTHER CALAMITIES,Rick Riordan. et al, ,Rick Riordan Presents,"October 17, 2021","September 25, 2022",https://www.amazon.com/dp/1368070833?tag=NYTBSREV-20,"[10, 9, 10, 8, 10, 9, 6, 5, 3]",7.777777777777778,9
91,STAMPED (FOR KIDS),"Jason Reynolds, Ibram X. Kendi and Sonja Cherry-Paul", ,"Little, Brown","May 30, 2021","September 18, 2022",https://www.amazon.com/dp/0316167584?tag=NYTBSREV-20,"[10, 6, 10, 10, 3, 4, 3, 1, 1, 1, 1]",4.545454545454546,11
92,ZACHARY YING AND THE DRAGON EMPEROR,Xiran Jay Zhao, ,Margaret K. McElderry,"May 29, 2022","August 21, 2022",https://www.amazon.com/dp/1665900709?tag=NYTBSREV-20,"[9, 8, 4]",7.0,3
93,THE FORT,Gordon Korman, ,Scholastic,"July 17, 2022","August 21, 2022",https://www.amazon.com/dp/133862914X?tag=NYTBSREV-20,"[10, 10, 5, 9, 6]",8.0,5
94,THIRST,Varsha Bajaj, ,Nancy Paulsen,"August 7, 2022","August 7, 2022",https://www.amazon.com/dp/0593354397?tag=NYTBSREV-20,[7],7.0,1
95,THE BEATRYCE PROPHECY,Kate DiCamillo,Sophie Blackall,Candlewick,"October 17, 2021","August 7, 2022",https://www.amazon.com/dp/1536213616?tag=NYTBSREV-20,"[8, 7, 9, 8, 5, 3, 1]",5.857142857142857,7
96,WHEN YOU TRAP A TIGER,Tae Keller, ,Random House,"February 14, 2021","August 7, 2022",https://www.amazon.com/dp/1524715700?tag=NYTBSREV-20,"[9, 6, 4, 5, 6, 4, 6, 10, 5, 4, 5, 10, 6, 6, 9]",6.333333333333333,15
97,THE ICKABOG,J.K. Rowling, ,Scholastic,"November 29, 2020","July 24, 2022",https://www.amazon.com/dp/1338732870?tag=NYTBSREV-20,"[10, 8, 4, 5, 9, 8, 10, 8, 8, 7, 10, 6, 8, 8, 5, 6, 9, 7, 7, 7, 7, 5, 5, 7, 5, 5, 5, 5, 3, 4, 5, 5, 3, 1, 1, 1, 1, 2, 1, 2, 3, 2, 1, 2, 2, 1, 1, 1, 1, 1, 1, 1, 1, 1, 1, 1, 1]",4.298245614035087,57
98,ALLIES,Alan Gratz, ,Scholastic,"November 3, 2019","July 17, 2022",https://www.amazon.com/Allies-Alan-Gratz/dp/1338245724?tag=NYTBSREV-20,"[4, 10, 7, 7, 2]",6.0,5
99,SEARCH FOR TREASURE,Mary Alice Monroe with Angela May, ,Aladdin,"July 3, 2022","July 10, 2022",https://www.amazon.com/dp/1534427309?tag=NYTBSREV-20,"[7, 3]",5.0,2
100,WISHTREE,Katherine Applegate,Charles Santoso,Feiwel and Friends,"October 15, 2017","July 10, 2022",https://www.amazon.com/Wishtree-Katherine-Applegate/dp/1250043220?tag=NYTBSREV-20,"[9, 10, 7, 10, 6, 10, 7, 4, 5, 4, 6, 5, 4, 4, 4, 4, 10, 10, 5, 5, 5, 5, 5, 5, 4, 3, 6, 6, 3, 5, 5, 4, 5, 3, 3, 4, 8, 7, 6, 6, 4, 4, 5, 7, 6, 3, 7, 6, 10, 6, 5, 4, 8, 5, 7, 6, 8, 7, 8, 7, 5, 7, 6, 7, 4, 7, 6, 4, 8, 10, 8, 5, 6, 4, 5, 9, 4, 10, 8, 7, 6, 6, 4, 4, 4, 3, 3, 5, 5, 2]",5.8,90
101,BLACK BOY JOY,edited Kwame Mbalia, ,Delacorte,"August 22, 2021","July 3, 2022",https://www.amazon.com/dp/0593379934?tag=NYTBSREV-20,"[8, 7, 7, 6, 4, 3, 1]",5.142857142857143,7
102,WITCHLINGS,Claribel A. Ortega, ,Scholastic,"April 24, 2022","June 19, 2022",https://www.amazon.com/dp/1338745522?tag=NYTBSREV-20,"[10, 9, 5, 6, 4]",6.8,5
103,LINES OF COURAGE,Jennifer A. Nielsen, ,Scholastic,"June 5, 2022","June 5, 2022",https://www.amazon.com/dp/1338620932?tag=NYTBSREV-20,[6],6.0,1
104,RIVER,Erin Hunter, ,HarperCollins,"April 24, 2022","May 15, 2022",https://www.amazon.com/dp/0063050080?tag=NYTBSREV-20,"[9, 5, 3, 1]",4.5,4
105,THE ONE AND ONLY BOB,Katherine Applegate,Patricia Castelao,HarperCollins,"May 24, 2020","May 8, 2022",https://www.amazon.com/dp/0062991310?tag=NYTBSREV-20,"[9, 10, 10, 9, 8, 4, 6, 9, 6, 8, 6, 6, 7, 9, 6, 8, 6, 8, 6, 3, 2, 4, 2, 3, 4, 3, 2, 4, 4, 4, 6, 5, 5, 9, 9, 7, 5, 7, 7, 3, 4, 4, 4, 5, 5, 6, 4, 2, 2, 2, 2, 2, 3, 2, 2, 2, 2, 2, 2, 3, 4, 1, 1, 2, 1, 1, 1, 1, 1, 1, 1, 1, 1]",4.328767123287672,73
106,THE OGRESS AND THE ORPHANS,Kelly Barnhill, ,Algonquin,"March 27, 2022","April 17, 2022",https://www.amazon.com/dp/1643750747?tag=NYTBSREV-20,"[9, 9, 6]",8.0,3
107,TROUBLEMAKER,John Cho, ,"Little, Brown","April 10, 2022","April 10, 2022",https://www.amazon.com/dp/0759554471?tag=NYTBSREV-20,[2],2.0,1
108,ONCE UPON A TIM,Stuart Gibbs,Stacy Curtis,Simon & Schuster,"March 27, 2022","March 27, 2022",https://www.amazon.com/dp/1534499253?tag=NYTBSREV-20,[8],8.0,1
109,THE ICE CREAM MACHINE,Adam Rubin, ,Putnam,"March 13, 2022","March 20, 2022",https://www.amazon.com/dp/0593325796?tag=NYTBSREV-20,"[4, 1]",2.5,2
110,MAP OF FLAMES,Lisa McMann, ,Putnam,"March 13, 2022","March 13, 2022",https://www.amazon.com/dp/0593325400?tag=NYTBSREV-20,[4],4.0,1
111,PONY,R.J. Palacio, ,Knopf,"October 17, 2021","February 6, 2022",https://www.amazon.com/dp/0553508113?tag=NYTBSREV-20,"[9, 8, 9, 6, 9, 9, 9, 5, 3, 3, 2, 2]",6.166666666666667,12
112,NORTHWIND,Gary Paulsen, ,"Farrar, Straus & Giroux","January 30, 2022","January 30, 2022",https://www.amazon.com/dp/0374314209?tag=NYTBSREV-20,[3],3.0,1
113,"DUDE PERFECT 101 TRICKS, TIPS, AND COOL STUFF",Dude Perfect with Travis Thrasher, ,Thomas Nelson,"July 11, 2021","January 9, 2022",https://www.amazon.com/dp/1400217075?tag=NYTBSREV-20,"[6, 10, 5, 6, 7, 8, 10, 9, 9, 6, 4]",7.2727272727272725,11
114,"FOOD NETWORK MAGAZINE: THE BIG, FUN KIDS COOKBOOK",Food Network Magazine, ,Hearst Home Kids,"April 26, 2020","December 26, 2021",https://www.amazon.com/dp/1950785041?tag=NYTBSREV-20,"[8, 10, 10, 7, 5, 5, 6, 6, 7, 10, 9, 6, 3, 2, 3]",6.466666666666667,15
115,HOW DO YOU LIVE?,Genzaburō Yoshino, ,Algonquin,"December 5, 2021","December 5, 2021",https://www.amazon.com/dp/1616209771?tag=NYTBSREV-20,[9],9.0,1
116,BLACK BALLERINAS,Misty Copeland,Salena Barnes,Aladdin,"November 21, 2021","November 21, 2021",https://www.amazon.com/dp/1534474242?tag=NYTBSREV-20,[5],5.0,1
117,WE ARE FAMILY,LeBron James and Andrea Williams, ,HarperCollins,"September 19, 2021","November 14, 2021",https://www.amazon.com/dp/0062971093?tag=NYTBSREV-20,"[9, 8, 8, 7, 4, 4, 6, 3]",6.125,8
118,BEASTS AND BEAUTY,Soman Chainani,Julia Iredale,Harper,"October 10, 2021","October 24, 2021",https://www.amazon.com/dp/006265263X?tag=NYTBSREV-20,"[9, 9, 5]",7.666666666666667,3
119,KALEIDOSCOPE,Brian Selznick, ,Scholastic,"October 10, 2021","October 10, 2021",https://www.amazon.com/dp/1338777246?tag=NYTBSREV-20,[9],9.0,1
120,"ALI CROSS: LIKE FATHER, LIKE SON",James Patterson, ,jimmy patterson,"July 18, 2021","October 10, 2021",https://www.amazon.com/dp/0316500135?tag=NYTBSREV-20,"[10, 10, 7, 7, 5, 8, 8, 5, 3, 4, 3, 1]",5.916666666666667,12
121,FINAL SEASON,Tim Green, ,HarperCollins,"October 3, 2021","October 3, 2021",https://www.amazon.com/dp/0062485954?tag=NYTBSREV-20,[1],1.0,1
122,AMARI AND THE NIGHT BROTHERS,B.B. Alston, ,Balzer + Bray,"February 14, 2021","September 19, 2021",https://www.amazon.com/dp/0062975161?tag=NYTBSREV-20,"[9, 5, 10, 6, 5, 3, 5, 3, 4, 5, 7, 10, 8, 9, 7, 8, 8, 8, 9, 10, 7, 5, 5, 8, 10, 9, 10, 9, 10, 10, 8]",7.419354838709677,31
123,BEST NERDS FOREVER,James Patterson and Chris Grabenstein, ,jimmy patterson,"May 30, 2021","September 19, 2021",https://www.amazon.com/dp/0316500240?tag=NYTBSREV-20,"[10, 8, 7, 10, 8, 7, 6, 8, 9, 6, 7, 7, 5, 6, 10]",7.6,15
124,THE GAME MASTER: SUMMER SCHOOLED,Matt and Rebecca Zamolo, ,HarperCollins,"June 20, 2021","September 12, 2021",https://www.amazon.com/dp/0063025078?tag=NYTBSREV-20,"[10, 10, 10, 10, 8, 7, 4, 2]",7.625,8
125,"FOOD NETWORK MAGAZINE: THE BIG, FUN KIDS BAKING BOOK",edited Food Network Magazine, ,Hearst Home Kids,"August 15, 2021","August 15, 2021",https://www.amazon.com/dp/1950785300?tag=NYTBSREV-20,[4],4.0,1
126,STAR WARS: THE HIGH REPUBLIC: RACE TO CRASHPOINT TOWER,Daniel Jose Older, ,Disney Lucasfilm,"July 18, 2021","July 18, 2021",https://www.amazon.com/dp/1368060668?tag=NYTBSREV-20,[4],4.0,1
127,THE ISLANDERS,Mary Alice Monroe with Angela May, ,Aladdin,"July 4, 2021","July 4, 2021",https://www.amazon.com/dp/1534427279?tag=NYTBSREV-20,[2],2.0,1
128,MARCUS MAKES A MOVIE,Kevin Hart with Geoff Rodkey,David Cooper,Crown,"June 20, 2021","June 27, 2021",https://www.amazon.com/dp/0593179145?tag=NYTBSREV-20,"[10, 6]",8.0,2
129,BECOMING: ADAPTED FOR YOUNG READERS,Michelle Obama, ,Delacorte,"March 21, 2021","June 13, 2021",https://www.amazon.com/dp/0593303741?tag=NYTBSREV-20,"[10, 9, 9, 3, 7, 9, 6, 4, 4, 3, 2, 1, 1]",5.230769230769231,13
130,UNCOMFORTABLE CONVERSATIONS WITH A BLACK BOY,Emmanuel Acho, ,Roaring Brook,"May 23, 2021","May 30, 2021",https://www.amazon.com/dp/1250801060?tag=NYTBSREV-20,"[4, 1]",2.5,2
131,WILLA OF DARK HOLLOW,Robert Beatty, ,Disney-Hyperion,"May 23, 2021","May 23, 2021",https://www.amazon.com/dp/1368007600?tag=NYTBSREV-20,[2],2.0,1
132,BECOMING MUHAMMAD ALI,James Patterson and Kwame Alexander, ,jimmy patterson-HMH,"October 25, 2020","May 16, 2021",https://www.amazon.com/dp/0316498165?tag=NYTBSREV-20,"[6, 10, 10, 7, 5, 8, 9, 10, 10, 9, 10, 9, 6, 5, 7, 7]",8.0,16
133,A TALE OF WITCHCRAFT...,Chris Colfer, ,"Little, Brown","October 18, 2020","May 16, 2021",https://www.amazon.com/dp/0316523569?tag=NYTBSREV-20,"[10, 10, 9, 10, 5, 9, 9, 10, 7, 10, 8, 7, 7, 4, 3, 3, 1]",7.176470588235294,17
134,WOW IN THE WORLD,Mindy Thomas and Guy Raz,Jack Teagle,Houghton Mifflin Harcourt,"March 21, 2021","April 18, 2021",https://www.amazon.com/dp/0358306639?tag=NYTBSREV-20,"[3, 1, 3, 3, 2]",2.4,5
135,GOLDEN GATE,James Ponti, ,Aladdin,"March 28, 2021","April 11, 2021",https://www.amazon.com/dp/1534414940?tag=NYTBSREV-20,"[10, 6]",8.0,2
136,ROWLEY JEFFERSON'S AWESOME FRIENDLY ADVENTURE,Jeff Kinney, ,Amulet,"August 23, 2020","March 28, 2021",https://www.amazon.com/dp/1419749099?tag=NYTBSREV-20,"[5, 4, 4, 3, 3, 5, 4, 3, 3, 3, 2, 2, 3, 3, 3, 2, 2, 2, 1, 1, 1, 1, 1, 2, 1, 1, 1, 1, 1, 1, 1, 1]",2.21875,32
137,CHARLIE THORNE AND THE LOST CITY,Stuart Gibbs, ,Simon & Schuster,"March 21, 2021","March 21, 2021",https://www.amazon.com/dp/1534443819?tag=NYTBSREV-20,[5],5.0,1
138,DIARY OF AN AWESOME FRIENDLY KID,Jeff Kinney, ,Amulet,"April 28, 2019","March 21, 2021",https://www.amazon.com/Diary-Awesome-Friendly-Jeff-Kinney/dp/141974027X?tag=NYTBSREV-20,"[10, 9, 8, 7, 8, 10, 10, 8, 7, 7, 9, 9, 8, 9, 8, 9, 8, 7, 4, 5, 6, 7, 5, 6, 5, 6, 5, 6, 6, 7, 8, 7, 6, 5, 5, 5, 4, 4, 7, 2, 4, 4, 2, 2, 4, 3, 7, 5, 7, 4, 1, 4, 6, 5, 2, 3, 3, 4, 3, 2, 1, 1, 2, 2, 3, 3, 2, 1, 1, 1, 1, 1, 1, 1, 1, 1, 1, 1, 1, 1, 1, 1, 1, 1, 1, 1, 1, 1, 1, 1, 1, 1]",4.195652173913044,92
139,LIVING THE CONFIDENCE CODE,"Katty Kay, Claire Shipman and JillEllyn Riley", ,HarperCollins,"March 14, 2021","March 14, 2021",https://www.amazon.com/dp/0062954113?tag=NYTBSREV-20,[1],1.0,1
140,THIS IS YOUR TIME,Ruby Bridges, ,Delacorte,"November 29, 2020","February 7, 2021",https://www.amazon.com/dp/0593378520?tag=NYTBSREV-20,"[4, 4, 3, 3]",3.5,4
141,STAR WARS: A TEST OF COURAGE,Justina Ireland,Petur Antonsson,Disney Lucasfilm,"January 24, 2021","January 31, 2021",https://www.amazon.com/dp/1368057306?tag=NYTBSREV-20,"[10, 2]",6.0,2
142,MAX AND THE MIDKNIGHTS: BATTLE OF THE BODKINS,Lincoln Peirce, ,Crown,"December 20, 2020","January 17, 2021",https://www.amazon.com/dp/0593125908?tag=NYTBSREV-20,"[9, 8]",8.5,2
143,A WOLF CALLED WANDER,Rosanne Parry,Mónica Armiño,Greenwillow,"June 2, 2019","January 3, 2021",https://www.amazon.com/Wolf-Called-Wander-Rosanne-Parry/dp/0062895931?tag=NYTBSREV-20,"[10, 10, 9, 9, 9, 9, 9, 8, 6, 10, 9, 7, 7, 8, 9, 10, 10, 9, 8, 10, 10, 10, 10, 8, 9, 9, 10, 9, 8, 10, 9, 5, 9, 10, 8, 5, 7, 7, 7, 8, 9, 8, 9, 10, 10, 10]",8.695652173913043,46
144,ESSENTIALLY CHARLI,Charli D’Amelio, ,Amulet,"December 20, 2020","December 20, 2020",https://www.amazon.com/dp/6073199880?tag=NYTBSREV-20,[7],7.0,1
145,BILL NYE'S GREAT BIG WORLD OF SCIENCE,Bill Nye and Gregory Mone, ,Abrams,"November 15, 2020","November 15, 2020",https://www.amazon.com/dp/1419746766?tag=NYTBSREV-20,[3],3.0,1
146,GLORY,Kahran and Regis Bethencourt, ,St. Martin's,"November 8, 2020","November 8, 2020",https://www.amazon.com/dp/1250204569?tag=NYTBSREV-20,[7],7.0,1
147,LOOK BOTH WAYS,Jason Reynolds, ,Atheneum/Caitlyn Dlouhy,"October 27, 2019","November 8, 2020",https://www.amazon.com/Look-Both-Ways-Tale-Blocks/dp/148143828X?tag=NYTBSREV-20,"[9, 6, 8, 8, 9, 7, 10, 6, 4, 7, 10, 10, 10, 7, 5, 4, 5, 2]",7.055555555555555,18
148,SUPERPOWERED,Renee Jain and Shefali Tsabary, ,Random House,"October 11, 2020","November 1, 2020",https://www.amazon.com/dp/0593126394?tag=NYTBSREV-20,"[10, 3]",6.5,2
149,WOLFPACK,Abby Wambach, ,Roaring Brook,"October 25, 2020","October 25, 2020",https://www.amazon.com/dp/1250766869?tag=NYTBSREV-20,[4],4.0,1
150,TRISTAN STRONG DESTROYS THE WORLD,Kwame Mbalia, ,Disney Press,"October 25, 2020","October 25, 2020",https://www.amazon.com/dp/1368042384?tag=NYTBSREV-20,[5],5.0,1
151,SUPER GOOD BAKING FOR KIDS,Duff Goldman, ,HarperCollins,"October 18, 2020","October 18, 2020",https://www.amazon.com/dp/0062349813?tag=NYTBSREV-20,[6],6.0,1
152,WELCOME TO SMELLVILLE,R.L. Stine,Jeff Zapata,Amulet,"October 18, 2020","October 18, 2020",https://www.amazon.com/dp/1419743619?tag=NYTBSREV-20,[7],7.0,1
153,NOTORIOUS RBG: YOUNG READERS' EDITION,Irin Carmon and Shana Knizhnik, ,HarperCollins,"October 11, 2020","October 11, 2020",https://www.amazon.com/dp/006274853X?tag=NYTBSREV-20,[6],6.0,1
154,THREE KEYS,Kelly Yang, ,Scholastic,"October 4, 2020","October 4, 2020",https://www.amazon.com/dp/133859138X?tag=NYTBSREV-20,[5],5.0,1
155,THE SILVER ARROW,Lev Grossman, ,"Little, Brown","September 27, 2020","October 4, 2020",https://www.amazon.com/dp/0316539538?tag=NYTBSREV-20,"[8, 8]",8.0,2
156,WINGS OF FIRE: LEGENDS: DRAGONSLAYER,Tui T. Sutherland, ,Scholastic,"March 22, 2020","September 20, 2020",https://www.amazon.com/dp/1338214608?tag=NYTBSREV-20,"[10, 10, 10, 10, 10, 7, 7, 8, 8, 9, 9, 8, 7, 6, 6, 6, 7, 7, 4, 6, 3, 2, 1, 1, 1]",6.52,25
157,FINISH THE FIGHT!,Veronica Chambers and the staff of The New York Times, ,Versify,"September 6, 2020","September 6, 2020",https://www.amazon.com/dp/035840830X?tag=NYTBSREV-20,[7],7.0,1
158,CLEAN GETAWAY,Nic Stone, ,Crown,"January 26, 2020","August 30, 2020",https://www.amazon.com/Clean-Getaway-Nic-Stone/dp/1984892975?tag=NYTBSREV-20,"[9, 10, 9, 10, 8, 9, 10, 10, 8, 5]",8.8,10
159,ALI CROSS,James Patterson, ,jimmy patterson,"December 15, 2019","August 16, 2020",https://www.amazon.com/Ali-Cross-James-Patterson/dp/0316530417?tag=NYTBSREV-20,"[10, 9, 10, 10, 5, 6, 8, 8, 7, 5, 6, 9, 8, 9, 10, 9, 10, 8, 5, 3, 3, 2, 3, 2, 2, 2, 2]",6.333333333333333,27
160,A TALE OF MAGIC...,Chris Colfer, ,"Little, Brown","October 20, 2019","August 9, 2020",https://www.amazon.com/Tale-Magic-Chris-Colfer/dp/031652347X?tag=NYTBSREV-20,"[9, 8, 8, 7, 8, 8, 9, 9, 8, 6, 7, 7, 7, 6, 7, 4, 1, 4, 5, 7, 5, 5, 4, 6, 2, 3, 1, 1, 1, 1]",5.466666666666667,30
161,OTHER WORDS FOR HOME,Jasmine Warga, ,Balzer + Bray,"July 19, 2020","July 19, 2020",https://www.amazon.com/dp/0062747800?tag=NYTBSREV-20,[8],8.0,1
162,TRISTAN STRONG PUNCHES A HOLE IN THE SKY,Kwame Mbalia, ,Disney/Hyperion,"November 3, 2019","July 12, 2020",https://www.amazon.com/Tristan-Strong-Punches-Hole-Sky/dp/1368039936?tag=NYTBSREV-20,"[10, 9, 10, 10, 9, 7, 10, 10, 8, 8, 6, 9, 10, 8]",8.857142857142858,14
163,LITTLE DREAMERS,Vashti Harrison, ,"Little, Brown","November 25, 2018","June 21, 2020",https://www.amazon.com/Little-Dreamers-Visionary-Around-Harrison/dp/0316475173?tag=NYTBSREV-20,"[10, 6, 4]",6.666666666666667,3
164,IF WE WERE GIANTS,Dave Matthews and Clete Barrett Smith, ,Disney-Hyperion,"March 22, 2020","May 17, 2020",https://www.amazon.com/dp/1484778715?tag=NYTBSREV-20,"[10, 9, 8, 9, 5, 2]",7.166666666666667,6
165,THE WIZENARD SERIES: SEASON ONE,Wesley King. Created Kobe Bryant, ,Granity Studios,"April 19, 2020","May 3, 2020",https://www.amazon.com/dp/1949520145?tag=NYTBSREV-20,"[6, 5, 1]",4.0,3
166,GREYSTONE SECRETS #2: THE DECEIVERS,Margaret Peterson Haddix, ,Katherine Tegen,"April 26, 2020","April 26, 2020",https://www.amazon.com/dp/0062838407?tag=NYTBSREV-20,[10],10.0,1
167,CITY SPIES,James Ponti, ,Aladdin,"March 29, 2020","March 29, 2020",https://www.amazon.com/dp/1534414916?tag=NYTBSREV-20,[8],8.0,1
168,LEGACY AND THE QUEEN,Annie Matthew. Created Kobe Bryant, ,Granity Studios,"February 16, 2020","March 15, 2020",https://www.amazon.com/Legacy-Queen-Annie-Matthew/dp/194952003X?tag=NYTBSREV-20,"[7, 2, 1, 9, 2]",4.2,5
169,FINDING HOME,Karen Kingsbury and Tyler Russell, ,Simon & Schuster,"March 15, 2020","March 15, 2020",https://www.amazon.com/Finding-Baxter-Family-Children-Story/dp/1534412182?tag=NYTBSREV-20,[8],8.0,1
170,EPOCA: THE TREE OF ECROF,Ivy Claire. Created Kobe Bryant, ,Granity Studios,"February 16, 2020","March 8, 2020",https://www.amazon.com/Epoca-Tree-Ecrof-Ivy-Claire/dp/1949520072?tag=NYTBSREV-20,"[1, 2, 3, 1]",1.75,4
171,THE WIZENARD: TRAINING CAMP,Wesley King. Created Kobe Bryant, ,Granity Studios,"April 7, 2019","March 8, 2020",https://www.amazon.com/Wizenard-Training-Camp-Wesley-King/dp/1949520013?tag=NYTBSREV-20,"[3, 3, 5, 3, 8, 5, 2, 1]",3.75,8
172,THE FIERCE 44,the staff of The Undefeated,Robert Ball,Houghton Mifflin Harcourt,"February 9, 2020","February 9, 2020",https://www.amazon.com/Fierce-44-Black-Americans-Shook/dp/1328940624?tag=NYTBSREV-20,[3],3.0,1
173,RACE TO THE SUN,Rebecca Roanhorse, ,Disney/Hyperion,"February 2, 2020","February 2, 2020",https://www.amazon.com/Race-Sun-Rebecca-Roanhorse/dp/1368024661?tag=NYTBSREV-20,[5],5.0,1
174,"BEVERLY, RIGHT HERE",Kate DiCamillo, ,Candlewick,"October 13, 2019","January 26, 2020",https://www.amazon.com/Beverly-Right-Here-Raymie-Nightingale/dp/0763694649?tag=NYTBSREV-20,"[10, 8, 8, 9, 10, 2]",7.833333333333333,6
175,DOG DIARIES HAPPY HOWLIDAYS,James Patterson with Steven Butler,Richard Watson,jimmy patterson,"December 15, 2019","January 19, 2020",https://www.amazon.com/Dog-Diaries-Howlidays-Middle-School/dp/0316456187?tag=NYTBSREV-20,"[7, 6, 6, 6, 7, 8]",6.666666666666667,6
176,A BEAUTIFUL DAY IN THE NEIGHBORHOOD,Fred Rogers,Luke Flowers,Quirk,"April 7, 2019","January 12, 2020",https://www.amazon.com/Beautiful-Day-Neighborhood-Poetry-Mister/dp/168369113X?tag=NYTBSREV-20,"[9, 7, 10, 9, 7, 10, 9, 8, 10, 10, 8, 8, 7, 6, 8, 7, 7, 6, 8, 10, 9, 8, 9, 9, 10, 7, 4, 5, 4, 3, 2]",7.548387096774194,31
177,THE ATLAS OBSCURA EXPLORER'S GUIDE FOR THE WORLD'S MOST ADVENTUROUS KID,Dylan Thuras and Rosemary Mosco,Joy Ang,Workman,"October 7, 2018","January 5, 2020",https://www.amazon.com/Atlas-Obscura-Explorers-Worlds-Adventurous/dp/1523503548?tag=NYTBSREV-20,"[8, 8, 6, 3, 5, 3, 3, 6, 6, 2]",5.0,10
178,GOOD NIGHT STORIES FOR REBEL GIRLS,Elena Favilli and Francesca Cavallo, ,Timbuktu Labs,"July 16, 2017","January 5, 2020",https://www.amazon.com/Good-Night-Stories-Rebel-Girls/dp/014198600X?tag=NYTBSREV-20,"[9, 9, 10, 8, 7, 7, 4, 5, 6, 7, 5, 4, 4, 4, 7, 4, 3, 4, 8, 3, 3, 3, 2, 2, 2, 2, 4, 5, 2, 2, 3, 3, 3, 4, 4, 4, 6, 5, 7, 4, 5]",4.7073170731707314,41
179,WARRIORS: THE BROKEN CODE: THE SILENT THAW,Erin Hunter, ,Harper,"November 17, 2019","November 17, 2019",https://www.amazon.com/Warriors-Broken-Code-Silent-Thaw/dp/0062823558?tag=NYTBSREV-20,[1],1.0,1
180,PROJECT MIDDLE SCHOOL,Alyssa Milano with Debbie Rigaud,Eric S. Keyes,Scholastic,"November 3, 2019","November 3, 2019",https://www.amazon.com/Project-Middle-School-Alyssa-Milanos/dp/1338329405?tag=NYTBSREV-20,[6],6.0,1
181,THE WILD ROBOT,Peter Brown, ,"Little, Brown","April 24, 2016","October 27, 2019",http://www.amazon.com/The-Wild-Robot-Peter-Brown/dp/0316381993?tag=NYTBSREV-20,"[6, 6, 4, 7, 5, 7, 5, 8, 10, 4, 8, 7, 4, 3, 3, 7, 8, 9, 8, 7, 7, 9, 7, 4, 6, 6, 5, 6, 5, 5, 5, 5, 6, 6, 7, 6, 5, 4, 5, 10, 8, 9, 7, 8, 9, 5, 10, 6, 10, 8, 5]",6.470588235294118,51
182,MAX EINSTEIN: REBELS WITH A CAUSE,James Patterson and Chris Grabenstein, ,"Little, Brown","September 29, 2019","October 27, 2019",https://www.amazon.com/Max-Einstein-Rebels-James-Patterson/dp/031648816X?tag=NYTBSREV-20,"[9, 10, 6, 3, 4]",6.4,5
183,ALIEN SUPERSTAR,Henry Winkler and Lin Oliver, ,Amulet,"October 20, 2019","October 20, 2019",https://www.amazon.com/Alien-Superstar-Book-Lin-Oliver/dp/1419733699?tag=NYTBSREV-20,[5],5.0,1
184,THE FIRE KEEPER,J.C. Cervantes, ,Disney-Hyperion,"September 22, 2019","October 13, 2019",https://www.amazon.com/Fire-Keeper-Storm-Runner-Novel/dp/1368041884?tag=NYTBSREV-20,"[9, 9, 4]",7.333333333333333,3
185,CHARLIE THORNE AND THE LAST EQUATION,Stuart Gibbs, ,Simon & Schuster,"October 6, 2019","October 6, 2019",https://www.amazon.com/Charlie-Thorne-Equation-Stuart-Gibbs/dp/1534424768?tag=NYTBSREV-20,[6],6.0,1
186,KATT VS. DOGG,James Patterson and Chris Grabenstein,Anuki Lopez,jimmy patterson,"April 21, 2019","October 6, 2019",https://www.amazon.com/Katt-vs-Dogg-James-Patterson/dp/0316411566?tag=NYTBSREV-20,"[9, 10, 6, 8, 10, 6, 6, 4, 5, 6, 6, 6, 6, 6, 6, 5, 4, 4, 4, 4, 2, 2, 2, 2]",5.375,24
187,TUNNEL OF BONES,Victoria Schwab, ,Scholastic,"September 22, 2019","September 22, 2019",https://www.amazon.com/Tunnel-Bones-Ghosts-Victoria-Schwab/dp/1338111043?tag=NYTBSREV-20,[6],6.0,1
188,MY LIFE AS AN ICE CREAM SANDWICH,Ibi Zoboi, ,Dutton,"September 15, 2019","September 22, 2019",https://www.amazon.com/My-Life-Ice-Cream-Sandwich/dp/0399187359?tag=NYTBSREV-20,"[8, 10]",9.0,2
189,POPULARMMOS PRESENTS ENTER THE MINE,Pat and Jen from PopularMMOs,Dani Jones,HarperCollins,"June 23, 2019","September 15, 2019",https://www.amazon.com/PopularMMOs-Presents-Enter-Mine/dp/0062894285?tag=NYTBSREV-20,"[7, 6, 8, 5, 5, 6, 4, 3, 2, 3, 2, 2, 2]",4.230769230769231,13
190,BLENDED,Sharon M. Draper, ,Atheneum/Caitlyn Dlouhy,"January 20, 2019","September 8, 2019",https://www.amazon.com/Blended-Sharon-M-Draper/dp/1442495006?tag=NYTBSREV-20,"[9, 5, 9, 9, 9, 9, 10, 10, 10, 10, 10, 6, 9, 5, 8, 8, 9, 7, 10, 10]",8.6,20
191,ARU SHAH AND THE SONG OF DEATH,Roshani Chokshi, ,Disney,"May 19, 2019","September 8, 2019",https://www.amazon.com/Shah-Song-Death-Pandava-Novel/dp/1368013848?tag=NYTBSREV-20,"[10, 10, 8, 9, 8, 10, 8, 9, 10, 9, 9, 7, 8, 2]",8.357142857142858,14
192,GHOST BOYS,Jewell Parker Rhodes, ,"Little, Brown","May 6, 2018","September 1, 2019",https://www.amazon.com/Ghost-Boys-Jewell-Parker-Rhodes/dp/0316262285?tag=NYTBSREV-20,"[7, 8, 6, 6, 6]",6.6,5
193,MERCI SUÁREZ CHANGES GEARS,Meg Medina, ,Candlewick,"February 17, 2019","August 25, 2019",https://www.amazon.com/Merci-Suárez-Changes-Gears-Medina/dp/076369049X?tag=NYTBSREV-20,"[7, 9, 6, 5, 2, 3, 2]",4.857142857142857,7
194,MINECRAFT: THE ISLAND,Max Brooks, ,Del Rey,"August 6, 2017","July 21, 2019",https://www.amazon.com/Minecraft-Island-Novel-Max-Brooks/dp/0399181776?tag=NYTBSREV-20,"[9, 10, 10, 6, 7, 10, 6, 6, 5, 5, 5, 6, 6, 9, 10, 10, 9, 9, 9, 6, 7, 9, 8, 7, 6, 7, 8, 6, 4, 8, 7, 7, 5, 8, 6, 6, 10, 6, 3, 3, 2, 2, 2, 2, 2, 2, 2, 3]",6.270833333333333,48
195,ENDLING: THE FIRST,Katherine Applegate,Max Kostenko,Harper,"May 26, 2019","July 7, 2019",https://www.amazon.com/Endling-2-First-Katherine-Applegate/dp/0062335561?tag=NYTBSREV-20,"[7, 7, 8, 6, 6, 5, 2]",5.857142857142857,7
196,THE CREATURE OF THE PINES,Adam Gidwitz,Hatem Aly,Dutton,"June 16, 2019","June 23, 2019",https://www.amazon.com/Creature-Pines-Unicorn-Rescue-Society/dp/0735231702?tag=NYTBSREV-20,"[7, 7]",7.0,2
197,BATTING ORDER,Mike Lupica, ,Simon & Schuster,"June 16, 2019","June 16, 2019",https://www.amazon.com/Batting-Order-Mike-Lupica/dp/1534421556?tag=NYTBSREV-20,[8],8.0,1
198,WOMEN IN SCIENCE,Rachel Ignotofsky, ,Ten Speed,"August 14, 2016","June 9, 2019",http://www.amazon.com/Women-Science-Fearless-Pioneers-Changed/dp/1607749769?tag=NYTBSREV-20,"[7, 8, 7, 7, 9, 5, 8, 7, 6, 9, 8, 10, 6, 8, 4, 5, 2, 2, 4, 4, 3, 6, 9, 8, 9, 9, 10, 9, 8, 7, 9, 8, 8, 6, 7, 10, 8, 6, 6, 5, 5, 6, 9, 7, 3, 5, 5, 6, 6, 5, 5, 10, 8, 9, 9, 10, 10, 8, 8, 7, 7, 7, 4, 6, 10, 8, 8, 8, 7, 5, 8, 9, 10, 10, 10, 10, 9, 7, 6, 10, 10, 9, 10, 8, 8, 9, 9, 6, 8, 5]",7.322222222222222,90
199,SHOUTING AT THE RAIN,Lynda Mullaly Hunt, ,Nancy Paulsen,"May 26, 2019","May 26, 2019",https://www.amazon.com/Shouting-Rain-Lynda-Mullaly-Hunt/dp/0399175156?tag=NYTBSREV-20,[5],5.0,1
200,RUMPLE BUTTERCUP,Matthew Gray Gubler, ,Random House,"April 21, 2019","May 19, 2019",https://www.amazon.com/Rumple-Buttercup-Bananas-Belonging-Yourself/dp/0525648445?tag=NYTBSREV-20,"[5, 5, 10, 4, 1]",5.0,5
201,MAX AND THE MIDKNIGHTS,Lincoln Peirce, ,Crown,"January 27, 2019","May 19, 2019",https://www.amazon.com/Max-Midknights-Lincoln-Peirce/dp/1101931086?tag=NYTBSREV-20,"[8, 8, 9, 10, 4, 9, 2, 5, 3, 3, 3, 7, 4, 2, 4, 7]",5.5,16
202,WARRIORS: THE BROKEN CODE: LOST STARS,Erin Hunter, ,Harper,"April 28, 2019","May 12, 2019",https://www.amazon.com/Warriors-Broken-Code-Lost-Stars/dp/0062823515?tag=NYTBSREV-20,"[6, 6, 3]",5.0,3
203,DOG DIARIES,James Patterson with Steven Butler,Richard Watson,jimmy patterson,"December 30, 2018","May 12, 2019",https://www.amazon.com/Dog-Diaries-Middle-School-Story/dp/0316487481?tag=NYTBSREV-20,"[10, 5, 10, 8, 5, 7, 7, 6, 4, 4, 6, 5, 7, 5, 6, 5, 5, 4, 5, 6]",6.0,20
204,ADA TWIST AND THE PERILOUS PANTS,Andrea Beaty,David Roberts,Amulet,"May 5, 2019","May 5, 2019",https://www.amazon.com/Ada-Twist-Perilous-Pants-Questioneers/dp/1419734229?tag=NYTBSREV-20,[7],7.0,1
205,WILD RESCUERS: ESCAPE TO THE MESA,Stacy Hinojosa,Vivienne To,Harper,"April 28, 2019","April 28, 2019",https://www.amazon.com/Wild-Rescuers-Escape-Mesa-StacyPlays/dp/0062796402?tag=NYTBSREV-20,[7],7.0,1
206,IT'S TREVOR NOAH: BORN A CRIME,Trevor Noah, ,Delacorte,"April 28, 2019","April 28, 2019",https://www.amazon.com/Its-Trevor-Noah-Stories-Childhood/dp/0525582169?tag=NYTBSREV-20,[9],9.0,1
207,HARBOR ME,Jacqueline Woodson, ,Nancy Paulsen,"September 16, 2018","April 21, 2019",https://www.amazon.com/Harbor-Me-Jacqueline-Woodson/dp/0399252525?tag=NYTBSREV-20,"[7, 9, 4]",6.666666666666667,3
208,DRAGON PEARL,Yoon Ha Lee, ,Disney/Hyperion,"February 3, 2019","April 14, 2019",https://www.amazon.com/Dragon-Pearl-Rick-Riordan-Presents/dp/136801335X?tag=NYTBSREV-20,"[8, 4, 4, 2]",4.5,4
209,A VELOCITY OF BEING,edited Maria Popova and Claudia Bedrick, ,Enchanted Lion,"January 13, 2019","April 7, 2019",https://www.amazon.com/Velocity-Being-Letters-Young-Reader/dp/1592702287?tag=NYTBSREV-20,"[6, 2]",4.0,2
210,"MAC B., KID SPY: MAC UNDERCOVER",Mac Barnett,Mike Lowery,Orchard,"September 30, 2018","March 31, 2019",https://www.amazon.com/Mac-Undercover-B-Kid-Spy/dp/133814359X?tag=NYTBSREV-20,"[9, 9, 9, 8, 9, 10, 9, 10, 7]",8.88888888888889,9
211,RONAN BOYLE AND THE BRIDGE OF RIDDLES,Thomas Lennon,John Hendrix,Amulet,"March 24, 2019","March 24, 2019",https://www.amazon.com/Ronan-Boyle-Bridge-Riddles/dp/1419734911?tag=NYTBSREV-20,[2],2.0,1
212,THE CONFIDENCE CODE FOR GIRLS,Katty Kay and Claire Shipman with Jillellyn Riley,Nan Lawson,HarperCollins,"April 29, 2018","March 24, 2019",https://www.amazon.com/Confidence-Code-Girls-Amazingly-Imperfect/dp/0062796984?tag=NYTBSREV-20,"[7, 10, 10, 7, 10, 8, 7, 10, 6, 9, 5, 10, 9, 10, 10, 6, 7, 4, 2, 5, 2, 2, 3, 2, 2, 2, 2, 1]",6.0,28
213,MINECRAFT: THE CRASH,Tracey Baptiste, ,Del Rey,"July 29, 2018","March 24, 2019",https://www.amazon.com/Minecraft-Crash-Official-Novel/dp/0399180664?tag=NYTBSREV-20,"[10, 9, 10, 10, 9, 7, 10, 10, 9, 8, 10, 8, 8, 9, 4, 5, 6, 3, 3, 4, 4, 4, 5, 5]",7.083333333333333,24
214,THE CROSSOVER,Kwame Alexander, ,Houghton Mifflin Harcourt,"August 30, 2015","March 17, 2019",http://www.amazon.com/The-Crossover-Kwame-Alexander-ebook/dp/B00E78IBAC?tag=NYTBSREV-20,"[9, 10, 3, 7, 8, 7, 6, 9, 9, 7, 9, 9, 8, 9, 9, 8, 8, 7, 8, 10, 9, 7, 8, 5, 4, 7, 6]",7.62962962962963,27
215,GAME OF STARS,Sayantani DasGupta, ,Scholastic,"March 17, 2019","March 17, 2019",https://www.amazon.com/Game-Stars-Kiranmala-Kingdom-Beyond/dp/133818573X?tag=NYTBSREV-20,[10],10.0,1
216,LOUISIANA'S WAY HOME,Kate DiCamillo, ,Candlewick,"October 21, 2018","February 24, 2019",https://www.amazon.com/Louisianas-Way-Home-Kate-DiCamillo/dp/0763694630?tag=NYTBSREV-20,"[10, 7, 8, 6, 9, 9, 8, 8, 9, 8, 7, 5, 4, 6, 1]",7.0,15
217,"MAC B., KID SPY: THE IMPOSSIBLE CRIME",Mac Barnett,Mike Lowery,Orchard,"January 20, 2019","February 10, 2019",https://www.amazon.com/Impossible-Crime-Mac-Kid-Spy/dp/1338143689?tag=NYTBSREV-20,"[8, 10, 8]",8.666666666666666,3
218,AMAL UNBOUND,Aisha Saeed, ,Nancy Paulsen,"May 27, 2018","January 20, 2019",https://www.amazon.com/Amal-Unbound-Aisha-Saeed/dp/0399544682?tag=NYTBSREV-20,"[3, 10, 8, 7, 8, 9]",7.5,6
219,MAX EINSTEIN: THE GENIUS EXPERIMENT,James Patterson and Chris Grabenstein,Beverly Johnson,jimmy patterson,"October 28, 2018","January 20, 2019",https://www.amazon.com/Max-Einstein-Experiment-James-Patterson/dp/0316523968?tag=NYTBSREV-20,"[7, 3, 7, 8, 7, 7, 7, 7, 2, 2, 3, 1, 2]",4.846153846153846,13
220,THE GIRL WHO DRANK THE MOON,Kelly Barnhill, ,Algonquin,"November 20, 2016","January 6, 2019",https://www.amazon.com/Girl-Who-Drank-Moon/dp/1616205679?tag=NYTBSREV-20,"[4, 4, 5, 5, 5, 5, 8, 10, 8, 9, 9, 10, 10, 9, 9, 9, 9, 10, 10, 9, 10, 10, 9, 10, 9, 8, 8, 5, 6, 7, 5, 5, 6, 5, 5, 5, 5, 5, 6, 6, 4, 3, 2, 3, 3, 4, 4, 8, 10, 8]",6.82,50
221,WILLA OF THE WOOD,Robert Beatty, ,Disney-Hyperion,"July 29, 2018","December 9, 2018",https://www.amazon.com/Willa-Wood-Robert-Beatty/dp/1368005845?tag=NYTBSREV-20,"[10, 10, 6, 3, 1]",6.0,5
222,WUNDERSMITH: THE CALLING OF MORRIGAN CROW,Jessica Townsend,Jim Madsen,"Little, Brown","December 2, 2018","December 2, 2018",https://www.amazon.com/Wundersmith-Calling-Morrigan-Crow-Nevermoor/dp/0316508918?tag=NYTBSREV-20,[3],3.0,1
223,DRAGONWATCH: WRATH OF THE DRAGON KING,Brandon Mull, ,Shadow Mountain,"November 11, 2018","November 25, 2018",https://www.amazon.com/Wrath-Dragon-King-Dragonwatch-Brandon/dp/1629724866?tag=NYTBSREV-20,"[6, 3, 1]",3.3333333333333335,3
224,START NOW!,Chelsea Clinton, ,Philomel,"October 21, 2018","November 18, 2018",https://www.amazon.com/Start-Now-You-Make-Difference/dp/0525514368?tag=NYTBSREV-20,"[9, 10, 3]",7.333333333333333,3
225,THE MAGIC MISFITS: THE SECOND STORY,Neil Patrick Harris and Alec Azam, ,"Little, Brown","October 14, 2018","November 4, 2018",https://www.amazon.com/Magic-Misfits-Second-Story/dp/0316391859?tag=NYTBSREV-20,"[7, 4, 9, 1]",5.25,4
226,GRENADE,Alan Gratz, ,Scholastic,"October 28, 2018","October 28, 2018",https://www.amazon.com/Grenade-Alan-Gratz/dp/1338245694?tag=NYTBSREV-20,[3],3.0,1
227,ROSIE REVERE AND THE RAUCOUS RIVETERS,Andrea Beaty,David Roberts,Amulet,"October 21, 2018","October 21, 2018",https://www.amazon.com/Rosie-Revere-Raucous-Riveters-Questioneers/dp/1419733605?tag=NYTBSREV-20,[4],4.0,1
228,SQUIRM,Carl Hiaasen, ,Knopf,"October 14, 2018","October 14, 2018",https://www.amazon.com/Squirm-Carl-Hiaasen/dp/0385752970?tag=NYTBSREV-20,[4],4.0,1
229,STORIES FOR BOYS WHO DARE TO BE DIFFERENT,Ben Brooks,Quinton Wintor,Running Press,"October 14, 2018","October 14, 2018",https://www.amazon.com/Stories-Boys-Who-Dare-Different/dp/0762465921?tag=NYTBSREV-20,[5],5.0,1
230,THE VANDERBEEKERS AND THE HIDDEN GARDEN,Karina Yan Glaser, ,Houghton Mifflin Harcourt,"October 14, 2018","October 14, 2018",https://www.amazon.com/Vanderbeekers-Hidden-Garden-Karina-Glaser/dp/1328770028?tag=NYTBSREV-20,[9],9.0,1
231,THE STORM RUNNER,J.C. Cervantes, ,Rick Riordan Presents,"October 7, 2018","October 7, 2018",https://www.amazon.com/Storm-Runner-Novel-Book/dp/1368016340?tag=NYTBSREV-20,[5],5.0,1
232,POPULARMMOS PRESENTS A HOLE NEW WORLD,Pat and Jen from PopularMMOs,Dani Jones,Harper,"July 8, 2018","September 30, 2018",https://www.amazon.com/PopularMMOs-Presents-Hole-New-World/dp/0062790870?tag=NYTBSREV-20,"[8, 4, 4, 3, 2, 2, 2, 3, 2, 2, 2]",3.090909090909091,11
233,AUGGIE & ME,R.J. Palacio, ,Knopf,"September 13, 2015","September 30, 2018",http://www.amazon.com/Auggie-Me-Three-Wonder-Stories/dp/1101934867?tag=NYTBSREV-20,"[9, 9, 10, 9, 8, 9, 10, 9, 10, 9, 4, 3, 3, 3, 2, 3, 3, 3, 3, 3, 2, 2, 2, 2, 2, 2, 2, 2, 2, 3, 4, 4, 8, 8, 8, 6, 7, 6, 9, 9, 10, 7, 10, 5, 6, 7, 6, 9, 5, 5, 7, 8, 4, 9, 7, 4, 4, 3, 2, 4, 5, 3, 3, 3, 4, 5, 4, 3, 3, 4, 3, 3, 4]",5.219178082191781,73
234,THE BELOVED WORLD OF SONIA SOTOMAYOR,Sonia Sotomayor, ,Delacorte,"September 23, 2018","September 23, 2018",https://www.amazon.com/Beloved-World-Sonia-Sotomayor/dp/1524771147?tag=NYTBSREV-20,[9],9.0,1
235,CITY OF GHOSTS,Victoria Schwab, ,Scholastic,"September 16, 2018","September 16, 2018",https://www.amazon.com/City-Ghosts-Victoria-Schwab/dp/1338111000?tag=NYTBSREV-20,[5],5.0,1
236,REBOUND,Kwame Alexander,Dawud Anyabwile,Houghton Mifflin Harcourt,"April 29, 2018","September 9, 2018",https://www.amazon.com/Rebound-Kwame-Alexander/dp/0544868137?tag=NYTBSREV-20,"[10, 3, 4, 4, 4]",5.0,5
237,"HELLO, UNIVERSE",Erin Entrada Kelly, ,Greenwillow,"March 4, 2018","August 5, 2018",https://www.amazon.com/Hello-Universe-Erin-Entrada-Kelly/dp/0062414151?tag=NYTBSREV-20,"[8, 9, 5, 4, 5, 4, 2, 3, 4, 2, 10, 5, 5, 8, 7, 6, 5, 6, 2, 3, 4]",5.095238095238095,21
238,ENDLING: THE LAST,Katherine Applegate,Max Kostenko,Harper,"May 20, 2018","July 22, 2018",https://www.amazon.com/Endling-1-Last-Katherine-Applegate/dp/0062335529?tag=NYTBSREV-20,"[8, 8, 8, 7, 8, 7, 6, 7, 7, 9]",7.5,10
239,ARU SHAH AND THE END OF TIME,Roshani Chokshi, ,Rick Riordan,"April 15, 2018","July 22, 2018",https://www.amazon.com/Shah-Time-Pandava-Novel-Book/dp/1368012353?tag=NYTBSREV-20,"[10, 10, 10, 8, 9, 8, 8, 9, 10, 10, 5, 5, 2]",8.0,13
240,WILD RESCUERS: GUARDIANS OF THE TAIGA,StacyPlays,Vivienne To,HarperCollins,"June 24, 2018","June 24, 2018",https://www.amazon.com/Wild-Rescuers-Guardians-Taiga-book/dp/0062796372?tag=NYTBSREV-20,[4],4.0,1
241,CALLING ALL MINDS,Temple Grandin with Betsy Lerner, ,Philomel,"June 3, 2018","June 17, 2018",https://www.amazon.com/Calling-All-Minds-Create-Inventor/dp/1524738204?tag=NYTBSREV-20,"[10, 10]",10.0,2
242,YOU GO FIRST,Erin Entrada Kelly, ,Greenwillow,"June 10, 2018","June 10, 2018",https://www.amazon.com/You-First-Erin-Entrada-Kelly/dp/0062414186?tag=NYTBSREV-20,[10],10.0,1
243,THE WILD ROBOT ESCAPES,Peter Brown, ,"Little, Brown","April 1, 2018","June 3, 2018",https://www.amazon.com/Wild-Robot-Escapes-Peter-Brown/dp/0316382043?tag=NYTBSREV-20,"[8, 6, 4, 3, 3, 3, 3, 2, 2]",3.7777777777777777,9
244,THE DARK PROPHECY,Rick Riordan, ,Disney-Hyperion,"May 21, 2017","March 11, 2018",https://www.amazon.com/Trials-Apollo-Book-Dark-Prophecy/dp/1484746422?tag=NYTBSREV-20,"[10, 9, 8, 8, 10, 10, 8, 10, 8, 7, 9, 8, 5, 6, 7, 7, 4, 4, 4, 5, 4, 3, 3, 3, 3, 2, 2, 2, 2, 2, 2, 2, 2, 1, 1, 1, 1]",4.945945945945946,37
245,JACKY HA-HA: MY LIFE IS A JOKE,James Patterson and Chris Grabenstein, ,Jimmy Patterson,"November 26, 2017","March 4, 2018",https://www.amazon.com/Jacky-Ha-Ha-My-Life-Joke/dp/0316433764?tag=NYTBSREV-20,"[8, 10, 9, 8, 5]",8.0,5
246,THE UNWANTEDS QUESTS: DRAGON BONES,Lisa McMann, ,Aladdin,"February 25, 2018","February 25, 2018",https://www.amazon.com/Dragon-Bones-Unwanteds-Quests-McMann/dp/1481456849?tag=NYTBSREV-20,[4],4.0,1
247,BRAVELANDS: CODE OF HONOR,Erin Hunter, ,Harper,"February 25, 2018","February 25, 2018",https://www.amazon.com/Bravelands-2-Honor-Erin-Hunter/dp/0062642065?tag=NYTBSREV-20,[5],5.0,1
248,THE MAGIC MISFITS,Neil Patrick Harris, ,"Little, Brown","December 17, 2017","February 25, 2018",https://www.amazon.com/Magic-Misfits-Neil-Patrick-Harris/dp/0316391824?tag=NYTBSREV-20,"[10, 7, 9, 7, 8, 9, 7, 6, 6, 4, 4]",7.0,11
249,GRAVITY FALLS: JOURNAL 3,Rob Renzetti and Alex Hirsch,Andy Gonsalves and Stephanie Ramirez,Disney Press,"August 14, 2016","January 28, 2018",http://www.amazon.com/Gravity-Falls-Journal-Alex-Hirsch/dp/1484746694?tag=NYTBSREV-20,"[6, 5, 5, 7, 8, 5, 4, 7, 8, 10, 7, 10, 6, 7, 5, 7, 6, 6, 7, 5, 7, 7, 4, 3, 4, 3, 3, 4, 4, 4, 4, 4, 4, 4, 4, 4, 3, 3, 3, 3, 4, 5, 4, 4, 4, 1]",5.043478260869565,46
250,GOOD NIGHT STORIES FOR REBEL GIRLS 2,Elena Favilli and Francesca Cavallo, ,Timbuktu Labs,"January 7, 2018","January 7, 2018",https://www.amazon.com/Goodnight-Stories-Rebel-Girls-2/dp/0997895829?tag=NYTBSREV-20,[5],5.0,1
251,NEVERMOOR: THE TRIALS OF MORRIGAN CROW,Jessica Townsend, ,"Little, Brown","November 19, 2017","December 31, 2017",https://www.amazon.com/Nevermoor-Trials-Morrigan-Jessica-Townsend/dp/0316508888?tag=NYTBSREV-20,"[10, 10, 10, 9]",9.75,4
252,THE PURLOINING OF PRINCE OLEOMARGARINE,Mark Twain and Philip Stead,Erin Stead,Doubleday,"October 15, 2017","December 3, 2017",https://www.amazon.com/Purloining-Prince-Oleomargarine-Mark-Twain/dp/0553523228?tag=NYTBSREV-20,"[9, 10, 7, 10, 7, 3, 2, 4]",6.5,8
253,SNOW & ROSE,Emily Winfield Martin, ,Random House,"December 3, 2017","December 3, 2017",https://www.amazon.com/Snow-Rose-Emily-Winfield-Martin/dp/0553538187?tag=NYTBSREV-20,[10],10.0,1
254,LAUGH OUT LOUD,James Patterson and Chris Grabenstein,Jeff Ebbeler,Jimmy Patterson,"September 17, 2017","November 26, 2017",https://www.amazon.com/Laugh-Out-Loud-James-Patterson/dp/031643146X?tag=NYTBSREV-20,"[7, 10, 8, 9, 9, 10, 5, 5, 5, 4]",7.2,10
255,THE WAR I FINALLY WON,Kimberly Brubaker Bradley, ,Dial,"October 22, 2017","November 12, 2017",https://www.amazon.com/War-I-Finally-Won/dp/0525429204?tag=NYTBSREV-20,"[7, 6, 7, 3]",5.75,4
256,JOJO'S GUIDE TO THE SWEET LIFE,JoJo Siwa, ,Amulet/Abrams,"October 22, 2017","October 29, 2017",https://www.amazon.com/JoJos-Guide-Sweet-Life-PeaceOutHaterz/dp/1419728172?tag=NYTBSREV-20,"[4, 6]",5.0,2
257,I'M JUST NO GOOD AT RHYMING,Chris Harris,Lane Smith,"Little, Brown","October 15, 2017","October 22, 2017",https://www.amazon.com/Just-Good-Rhyming-Mischievous-Grown-Ups/dp/0316266574?tag=NYTBSREV-20,"[9, 3]",6.0,2
258,THE WIZARDS OF ONCE,Cressida Cowell, ,"Little, Brown","October 22, 2017","October 22, 2017",https://www.amazon.com/Wizards-Once-Cressida-Cowell/dp/0316508330?tag=NYTBSREV-20,[10],10.0,1
259,POTTYMOUTH AND STOOPID,James Patterson and Chris Grabenstein,Stephen Gilpin,Jimmy Patterson,"July 2, 2017","October 8, 2017",https://www.amazon.com/Pottymouth-Stoopid-James-Patterson/dp/0316349631?tag=NYTBSREV-20,"[9, 10, 7, 8, 6, 7, 6, 7, 9, 8, 8, 8, 7, 4, 5]",7.266666666666667,15
260,THE MISADVENTURES OF MAX CRUMBLY: MIDDLE SCHOOL MAYHEM,Rachel Renée Russell, ,Simon & Schuster,"June 25, 2017","October 8, 2017",https://www.amazon.com/Misadventures-Max-Crumbly-Middle-School/dp/148146003X?tag=NYTBSREV-20,"[10, 8, 10, 9, 6, 7, 6, 7, 7, 5, 5, 6, 7, 6, 3]",6.8,15
261,PATINA,Jason Reynolds, ,Atheneum/Caitlyn Dlouhy,"September 17, 2017","September 17, 2017",https://www.amazon.com/Patina-Track-Jason-Reynolds/dp/1481450182?tag=NYTBSREV-20,[7],7.0,1
262,DOG MAN UNLEASHED,Dav Pilkey, ,Scholastic,"January 15, 2017","September 10, 2017",https://www.amazon.com/Dog-Man-Unleashed-Creator-Underpants/dp/0545935202?tag=NYTBSREV-20,"[5, 5, 5, 5, 4, 4, 3, 3, 3, 3, 3, 4, 3, 3, 3, 3, 4, 2, 2, 1, 1, 1, 1, 1, 1, 1, 1, 1, 1, 1, 1, 1, 1, 1, 1]",2.3714285714285714,35
263,DOG MAN,Dav Pilkey, ,Scholastic,"September 18, 2016","September 10, 2017",http://www.amazon.com/Dog-Man-Creator-Captain-Underpants-ebook/dp/B01B3DBA4C?tag=NYTBSREV-20,"[7, 8, 9, 8, 5, 6, 6, 6, 4, 6, 7, 6, 4, 4, 4, 4, 5, 3, 3, 3, 3, 4, 5, 4, 6, 5, 5, 5, 8, 8, 5, 3, 9, 8, 5, 5, 3, 3, 2, 3, 3, 3, 3, 3, 3, 2, 2, 2, 2, 1]",4.62,50
264,GIRLS WHO CODE,Reshma Saujani, ,Viking,"September 10, 2017","September 10, 2017",https://www.amazon.com/Girls-Who-Code-Learn-Change/dp/042528753X?tag=NYTBSREV-20,[8],8.0,1
265,GIRLS WHO CODE: THE FRIENDSHIP CODE,Stacia Deutsch, ,Penguin Workshop,"September 10, 2017","September 10, 2017",https://www.amazon.com/Friendship-Code-Girls-Who/dp/0399542515?tag=NYTBSREV-20,[10],10.0,1
266,THE HIDDEN ORACLE,Rick Riordan, ,Disney-Hyperion,"May 22, 2016","August 6, 2017",http://www.amazon.com/The-Trials-Apollo-Book-Hidden/dp/148473274X?tag=NYTBSREV-20,"[9, 4, 9, 10, 9, 9, 9, 5, 6, 6, 8, 8, 10, 9, 8, 8, 2, 6, 6, 6, 6, 6, 6, 7, 5, 4, 4, 4, 3, 2, 2, 3, 3, 3, 2, 1, 2, 1, 1, 1, 1, 1]",5.119047619047619,42
267,THE MISADVENTURES OF MAX CRUMBLY: LOCKER HERO,Rachel Renée Russell, ,Aladdin,"July 3, 2016","July 9, 2017",http://www.amazon.com/Misadventures-Max-Crumbly-Locker-Hero/dp/1481460013?tag=NYTBSREV-20,"[10, 10, 10, 10, 9, 9, 9, 8, 8, 10, 7, 8, 7, 9, 6, 5, 4, 3, 4]",7.684210526315789,19
268,BROKEN PRIDE,Erin Hunter, ,HarperCollins,"June 25, 2017","June 25, 2017",https://www.amazon.com/Bravelands-Broken-Pride-Erin-Hunter/dp/0062642022?tag=NYTBSREV-20,[8],8.0,1
269,GHOST,Jason Reynolds, ,Atheneum,"June 18, 2017","June 25, 2017",https://www.amazon.com/Ghost-Track-Jason-Reynolds/dp/1481450158?tag=NYTBSREV-20,"[10, 7]",8.5,2
270,LOST IN A BOOK,Jennifer Donnelly, ,Disney Press,"February 19, 2017","June 18, 2017",https://www.amazon.com/Beauty-Beast-Lost-Jennifer-Donnelly/dp/1484780981?tag=NYTBSREV-20,"[10, 10, 9, 10, 7, 4, 4, 4, 3, 2, 2, 3, 4, 4, 4, 4, 3]",5.117647058823529,17
271,CAMP HALF-BLOOD CONFIDENTIAL,Rick Riordan, ,Disney-Hyperion,"May 21, 2017","June 11, 2017",https://www.amazon.com/Percy-Jackson-Half-Blood-Confidential-Companion/dp/148478555X?tag=NYTBSREV-20,"[10, 6, 3]",6.333333333333333,3
272,WOLF HOLLOW,Lauren Wolk, ,Dutton,"May 28, 2017","May 28, 2017",https://www.amazon.com/Wolf-Hollow-Lauren-Wolk/dp/1101994827?tag=NYTBSREV-20,[10],10.0,1
273,PAX,Sara Pennypacker,Jon Klassen,Balzer & Bray,"February 21, 2016","May 21, 2017",http://www.amazon.com/Pax-Sara-Pennypacker/dp/0062377019?tag=NYTBSREV-20,"[9, 8, 9, 9, 9, 9, 8, 8, 9, 6, 6, 6, 5, 7, 8, 6, 5, 7, 7, 7, 9, 8, 8, 7, 8, 6, 5, 6, 6, 10, 10, 10, 9, 8, 6, 8, 10, 6, 4, 5, 5, 6, 6, 3, 4, 2, 2, 2, 1, 1, 2]",6.490196078431373,51
274,THE UNBREAKABLE CODE,Jennifer Chambliss Bertman, ,Christy Ottaviano/Holt,"May 14, 2017","May 14, 2017",https://www.amazon.com/Unbreakable-Code-Book-Scavenger/dp/1627791167?tag=NYTBSREV-20,[6],6.0,1
275,JACK AND THE GENIUSES: AT THE BOTTOM OF THE WORLD,Bill Nye and Gregory Mone,Nick Iluzada,Amulet,"April 23, 2017","May 14, 2017",https://www.amazon.com/Jack-Geniuses-At-Bottom-World/dp/1419723030?tag=NYTBSREV-20,"[9, 8, 7, 6]",7.5,4
276,DRAGONWATCH,Brandon Mull,Brandon Dorman,Shadow Mountain,"April 9, 2017","May 7, 2017",https://www.amazon.com/Dragonwatch-Fablehaven-Adventure-Brandon-Mull/dp/1629722561?tag=NYTBSREV-20,"[9, 6, 7, 7, 4]",6.6,5
277,WORD OF MOUSE,James Patterson and Chris Grabenstein,Joe Sutphin,"Jimmy Patterson/Little, Brown","January 1, 2017","April 30, 2017",https://www.amazon.com/Word-Mouse-James-Patterson/dp/0316349569?tag=NYTBSREV-20,"[8, 10, 10, 7, 7, 6, 7, 5, 8, 5, 8, 5, 7, 2, 6]",6.733333333333333,15
278,OUT OF WONDER,"Kwame Alexander, Chris Colderley and Marjory Wentworth",Ekua Holmes,Candlewick,"April 2, 2017","April 16, 2017",https://www.amazon.com/Out-Wonder-Poems-Celebrating-Poets/dp/076368094X?tag=NYTBSREV-20,"[10, 8]",9.0,2
279,RAD AMERICAN WOMEN A-Z,Kate Schatz,Miriam Klein Stahl,City Lights,"August 30, 2015","April 9, 2017",http://www.amazon.com/Rad-American-Women-A-Z-Trailblazers/dp/0872866831?tag=NYTBSREV-20,"[9, 9, 9, 6, 10, 5, 7]",7.857142857142857,7
280,BASEBALL GENIUS,Tim Green and Derek Jeter, ,Aladdin,"March 26, 2017","March 26, 2017",https://www.amazon.com/Baseball-Genius-Jeter-Publishing-Green/dp/1481468642?tag=NYTBSREV-20,[8],8.0,1
281,SURVIVORS CLUB,Michael Bornstein and Debbie Bornstein Holinstat, ,"Farrar, Straus & Giroux","March 26, 2017","March 26, 2017",https://www.amazon.com/Survivors-Club-Story-Prisoner-Auschwitz/dp/0374305714?tag=NYTBSREV-20,[10],10.0,1
282,SHORT,Holly Goldberg Sloan, ,Dial,"March 19, 2017","March 19, 2017",https://www.amazon.com/Short-Holly-Goldberg-Sloan/dp/0399186212?tag=NYTBSREV-20,[10],10.0,1
283,THE PLAYBOOK,Kwame Alexander. Photographs Thai Neave, ,Houghton Mifflin Harcourt,"March 5, 2017","March 12, 2017",https://www.amazon.com/Playbook-Rules-Shoot-Score-Called/dp/0544570979?tag=NYTBSREV-20,"[10, 9]",9.5,2
284,DRAGON CAPTIVES,Lisa McMann, ,Aladdin,"February 26, 2017","February 26, 2017",https://www.amazon.com/Dragon-Captives-Unwanteds-Quests-McMann/dp/1481456814?tag=NYTBSREV-20,[6],6.0,1
285,I GOT THIS,Laurie Hernandez, ,HarperCollins,"February 12, 2017","February 19, 2017",https://www.amazon.com/I-Got-This-Gold-Beyond/dp/0062677314?tag=NYTBSREV-20,"[9, 3]",6.0,2
286,THE HAMMER OF THOR,Rick Riordan, ,Disney-Hyperion,"October 23, 2016","February 12, 2017",http://www.amazon.com/Magnus-Chase-Gods-Asgard-Hammer/dp/1423160924?tag=NYTBSREV-20,"[9, 7, 4, 3, 2, 1, 1, 1, 1, 1, 1, 1, 1, 1, 1]",2.3333333333333335,15
287,THE SWORD OF SUMMER,Rick Riordan, ,Disney-Hyperion,"October 25, 2015","January 22, 2017",http://www.amazon.com/Magnus-Chase-Gods-Asgard-Book-ebook/dp/B00O87NWBK?tag=NYTBSREV-20,"[9, 6, 7, 7, 6, 5, 5, 5, 7, 5, 5, 5, 9, 10, 9, 5, 8, 7, 10, 8, 4, 3, 3, 3, 3, 3, 3, 3, 2, 2, 3, 3, 1, 1, 1, 1, 1, 1, 1, 1, 1, 1, 1, 1]",4.204545454545454,44
288,THE SECRET KEEPERS,Trenton Lee Stewart,Diana Sudyka,"Megan Tingley/Little, Brown","October 16, 2016","January 1, 2017",http://www.amazon.com/Secret-Keepers-Trenton-Lee-Stewart/dp/0316389552?tag=NYTBSREV-20,"[10, 10, 10, 10, 10, 4]",9.0,6
289,RETURN TO THE ISLE OF THE LOST,Melissa de la Cruz, ,Disney-Hyperion,"June 12, 2016","December 11, 2016",http://www.amazon.com/Return-Isle-Lost-Descendants-Novel/dp/1484750713?tag=NYTBSREV-20,"[8, 9, 10, 5, 3, 3, 2, 1, 2, 1, 2, 1, 2, 2]",3.642857142857143,14
290,THE BEST BEAR IN ALL THE WORLD,Paul Bright and others,Mark Burgess,Dutton,"November 13, 2016","November 13, 2016",https://www.amazon.com/Best-Bear-World-Winnie-Pooh/dp/0399187472?tag=NYTBSREV-20,[5],5.0,1
291,THE LAST KIDS ON EARTH AND THE ZOMBIE PARADE,Max Brallier,Douglas Holgate,Viking,"September 25, 2016","November 13, 2016",http://www.amazon.com/Last-Kids-Earth-Zombie-Parade/dp/0670016624?tag=NYTBSREV-20,"[9, 10, 7, 9, 5]",8.0,5
292,THE LAND OF STORIES,Chris Colfer,Brandon Dorman,"Little, Brown","November 6, 2016","November 6, 2016",https://www.amazon.com/Land-Stories-Treasury-Classic-Fairy/dp/0316355917?tag=NYTBSREV-20,[7],7.0,1
293,FRAZZLED,Booki Vivat, ,HarperCollins,"November 6, 2016","November 6, 2016",https://www.amazon.com/Frazzled-Everyday-Disasters-Impending-Doom/dp/0062398792?tag=NYTBSREV-20,[9],9.0,1
294,SOME WRITER!,Melissa Sweet, ,Houghton Mifflin Harcourt,"October 23, 2016","October 30, 2016",http://www.amazon.com/Some-Writer-Story-White/dp/0544319591?tag=NYTBSREV-20,"[8, 6]",7.0,2
295,WHEN THE SEA TURNED TO SILVER,Grace Lin, ,"Little, Brown","October 23, 2016","October 30, 2016",http://www.amazon.com/When-Sea-Turned-Silver-Grace/dp/031612592X?tag=NYTBSREV-20,"[9, 9]",9.0,2
296,HOME SWEET MOTEL,Chris Grabenstein,Brooke Allen,Random House,"October 23, 2016","October 23, 2016",http://www.amazon.com/Welcome-Wonderland-Home-Sweet-Motel/dp/0553536028?tag=NYTBSREV-20,[10],10.0,1
297,THE INQUISITOR'S TALE,Adam Gidwitz,Hatem Aly,Dutton,"October 16, 2016","October 16, 2016",http://www.amazon.com/Inquisitors-Tale-Three-Magical-Children/dp/0525426167?tag=NYTBSREV-20,[7],7.0,1
298,RAD WOMEN WORLDWIDE,Kate Schatz,Miriam Klein Stahl,Ten Speed,"October 16, 2016","October 16, 2016",http://www.amazon.com/Rad-Women-Worldwide-Athletes-Revolutionaries/dp/0399578862?tag=NYTBSREV-20,[8],8.0,1
299,FISH IN A TREE,Lynda Mullaly Hunt, ,Nancy Paulsen,"August 30, 2015","October 16, 2016",http://www.amazon.com/Fish-Tree-Lynda-Mullaly-Hunt/dp/0399162593?tag=NYTBSREV-20,"[9, 6, 8, 7, 7, 6, 6, 5, 10, 9, 7, 5, 7, 6, 8, 9, 8, 9, 8, 8, 9, 10]",7.590909090909091,22
300,THE LITTLEST BIGFOOT,Jennifer Weiner, ,Aladdin,"October 2, 2016","October 2, 2016",http://www.amazon.com/Littlest-Bigfoot-Jennifer-Weiner-ebook/dp/B01BKR43H2?tag=NYTBSREV-20,[5],5.0,1
301,THE ANSWER,Rebecca Sugar. llustrated Elle Michalka and Tiffany Ford, ,Cartoon Network,"October 2, 2016","October 2, 2016",http://www.amazon.com/Answer-Steven-Universe-Rebecca-Sugar/dp/0399541705?tag=NYTBSREV-20,[7],7.0,1
302,RAYMIE NIGHTINGALE,Kate DiCamillo, ,Candlewick,"May 1, 2016","October 2, 2016",http://www.amazon.com/Raymie-Nightingale-Kate-DiCamillo-ebook/dp/B015WVEZR0?tag=NYTBSREV-20,"[10, 6, 10, 7, 4, 6, 1]",6.285714285714286,7
303,MOO,Sharon Creech, ,HarperCollins,"September 18, 2016","September 18, 2016",http://www.amazon.com/Moo-Novel-Sharon-Creech/dp/0062415247?tag=NYTBSREV-20,[9],9.0,1
304,FURTHERMORE,Tahereh Mafi, ,Dutton,"September 18, 2016","September 18, 2016",http://www.amazon.com/Furthermore-Tahereh-Mafi/dp/1101994762?tag=NYTBSREV-20,[10],10.0,1
305,FOR MAGNUS CHASE: HOTEL VALHALLA GUIDE TO THE NORSE WORLDS,Rick Riordan, ,Disney-Hyperion,"September 4, 2016","September 11, 2016",http://www.amazon.com/Magnus-Chase-Valhalla-Companion-Introduction/dp/1484785541?tag=NYTBSREV-20,"[4, 5]",4.5,2
306,THE ISLE OF THE LOST,Melissa de la Cruz, ,Disney-Hyperion,"September 13, 2015","August 28, 2016",http://www.amazon.com/Isle-Lost-The-Descendants-Novel-ebook/dp/B00RY6YYR8?tag=NYTBSREV-20,"[9, 5, 7, 7, 5, 6, 8, 8, 2, 3, 5, 5, 5, 4, 5, 4, 4, 3, 3, 3, 2, 2, 2, 2, 2, 2]",4.346153846153846,26
307,"GROVER CLEVELAND, AGAIN!",Ken Burns with David Blistein and Cauley Powell,Gerald Kelley,Knopf,"August 7, 2016","August 21, 2016",http://www.amazon.com/Grover-Cleveland-Again-Treasury-Presidents/dp/0385392095?tag=NYTBSREV-20,"[6, 6]",6.0,2
308,THE CANDYMAKERS AND THE GREAT CHOCOLATE CHASE,Wendy Mass, ,"Little, Brown","August 21, 2016","August 21, 2016",http://www.amazon.com/Candymakers-Great-Chocolate-Chase/dp/0316089192?tag=NYTBSREV-20,[7],7.0,1
309,SERAFINA AND THE TWISTED STAFF,Robert Beatty, ,Disney-Hyperion,"August 7, 2016","August 21, 2016",http://www.amazon.com/Serafina-Twisted-Staff-Novel/dp/1484775031?tag=NYTBSREV-20,"[10, 8, 4]",7.333333333333333,3
310,ECHO,Pam Muñoz Ryan, ,Scholastic,"February 7, 2016","July 17, 2016",http://www.amazon.com/Echo-Pam-Munoz-Ryan/dp/0439874025?tag=NYTBSREV-20,"[8, 10]",9.0,2
311,THE DAY THE PRESIDENT WAS SHOT,Bill O'Reilly, ,Holt,"July 10, 2016","July 10, 2016",http://www.amazon.com/Day-President-Was-Shot-Assassination-ebook/dp/B0191K3H18?tag=NYTBSREV-20,[5],5.0,1
312,DEMIGODS AND MAGICIANS,Rick Riordan, ,Disney-Hyperion,"April 24, 2016","July 10, 2016",http://www.amazon.com/Demigods-Magicians-Percy-Annabeth-Kanes/dp/1484732782?tag=NYTBSREV-20,"[9, 7, 4, 3, 3, 3, 2, 1]",4.0,8
313,JACKY HA-HA,James Patterson and Chris Grabenstein,Kerascoët,"Jimmy Patterson/Little, Brown","April 10, 2016","July 10, 2016",http://www.amazon.com/Jacky-Ha-Ha-James-Patterson-ebook/dp/B0182PGL98?tag=NYTBSREV-20,"[10, 6, 8, 9, 9, 9, 4, 2, 1, 1]",5.9,10
314,BROWN GIRL DREAMING,Jacqueline Woodson, ,Nancy Paulsen,"August 30, 2015","June 12, 2016",http://www.amazon.com/Brown-Girl-Dreaming-Jacqueline-Woodson/dp/0399252517?tag=NYTBSREV-20,"[9, 6, 7, 4]",6.5,4
315,BOOKED,Kwame Alexander, ,Houghton Mifflin Harcourt,"April 24, 2016","May 29, 2016",http://www.amazon.com/Booked-Kwame-Alexander/dp/0544570987?tag=NYTBSREV-20,"[7, 8, 5, 4]",6.0,4
316,QUIET POWER,Susan Cain with Gregory Mone and Erica Moroz,Grant Snider,Dial,"May 22, 2016","May 29, 2016",http://www.amazon.com/Quiet-Power-Secret-Strengths-Introverts/dp/0803740603?tag=NYTBSREV-20,"[10, 4]",7.0,2
317,THE GUTSY GIRL,Caroline Paul,Wendy MacNaughton,Bloomsbury USA,"March 20, 2016","May 1, 2016",http://www.amazon.com/The-Gutsy-Girl-Escapades-Adventure/dp/1632861232?tag=NYTBSREV-20,"[7, 9, 4, 5]",6.25,4
318,RED,Liesl Shurtliff, ,Knopf,"May 1, 2016","May 1, 2016",http://www.amazon.com/Red-True-Story-Riding-Hood/dp/038575583X?tag=NYTBSREV-20,[9],9.0,1
319,SPACED OUT,Stuart Gibbs, ,Simon & Schuster,"April 24, 2016","April 24, 2016",http://www.amazon.com/Spaced-Out-Moon-Base-Alpha/dp/1481423363?tag=NYTBSREV-20,[7],7.0,1
320,MR. LEMONCELLO'S LIBRARY OLYMPICS,Chris Grabenstein, ,Random House,"January 24, 2016","April 17, 2016",http://www.amazon.com/Lemoncellos-Library-Olympics-Chris-Grabenstein/dp/0553510401?tag=NYTBSREV-20,"[6, 5, 8, 8, 10, 6, 7, 4, 3, 5, 4, 4]",5.833333333333333,12
321,THE TERRIBLE TWO GET WORSE,Mac Barnett and Jory John,Kevin Cornell,Abrams,"January 31, 2016","April 17, 2016",http://www.amazon.com/The-Terrible-Two-Get-Worse/dp/1419716808?tag=NYTBSREV-20,"[7, 10, 6, 5, 10, 9, 10, 10, 7, 5]",7.9,10
322,CRENSHAW,Katherine Applegate, ,Feiwel & Friends,"October 11, 2015","April 17, 2016",http://www.amazon.com/Crenshaw-Katherine-Applegate/dp/1250043239?tag=NYTBSREV-20,"[8, 7, 10, 9, 6, 8, 8, 9, 9, 10, 9, 8, 8, 7, 7, 6, 7, 4, 5, 5, 5, 6, 6, 5, 4]",7.04,25
323,I AM MALALA,Malala Yousafzai with Patricia McCormick, ,"Little, Brown","August 30, 2015","April 17, 2016",http://www.amazon.com/Am-Malala-Education-Changed-Readers/dp/031632793X?tag=NYTBSREV-20,"[9, 8, 5, 6, 10, 7, 7, 8, 5, 6, 5, 6, 7, 10, 8, 5]",7.0,16
324,DEMON DENTIST,David Walliams,Tony Ross,HarperCollins,"March 27, 2016","April 17, 2016",http://www.amazon.com/Demon-Dentist-David-Walliams/dp/0062417045?tag=NYTBSREV-20,"[10, 5, 7]",7.333333333333333,3
325,THE TERRIBLE TWO,Mac Barnett and Jory John,Kevin Cornell,Abrams,"February 7, 2016","April 10, 2016",http://www.amazon.com/The-Terrible-Two-Mac-Barnett/dp/1419714910?tag=NYTBSREV-20,"[9, 10, 9, 8]",9.0,4
326,ROBOTS GO WILD,James Patterson and Chris Grabenstein,Juliana Neufeld,"Little, Brown","December 13, 2015","April 3, 2016",http://www.amazon.com/House-Robots-Go-Wild/dp/0316284793?tag=NYTBSREV-20,"[9, 7, 6, 8, 7, 6, 7, 6, 6, 5, 2, 4, 3, 2]",5.571428571428571,14
327,THE WAR THAT SAVED MY LIFE,Kimberly Brubaker Bradley, ,Dial,"January 31, 2016","March 27, 2016",http://www.amazon.com/The-War-that-Saved-Life/dp/0803740816?tag=NYTBSREV-20,"[10, 8, 6]",8.0,3
328,STAR WARS: THE FORCE AWAKENS,Greg Rucka,Phil Noto,Disney Press,"January 10, 2016","March 20, 2016",http://www.amazon.com/Before-Awakening-Star-Wars-Rucka/dp/148472822X?tag=NYTBSREV-20,"[4, 4, 4, 6, 5, 3, 1, 2, 3, 2]",3.4,10
329,BAD LUCK,Pseudonymous Bosch, ,"Little, Brown","March 6, 2016","March 6, 2016",http://www.amazon.com/Bad-Luck-The-Books/dp/0316320420?tag=NYTBSREV-20,[9],9.0,1
330,THE DRAGON'S RETURN,Stan Lee and Stuart Moore,Andie Tong,Disney Press,"February 14, 2016","February 14, 2016",http://www.amazon.com/The-Zodiac-Legacy-Dragons-Return/dp/1484713524?tag=NYTBSREV-20,[4],4.0,1
331,RISE OF THE WOLF,Jennifer A. Nielsen, ,Scholastic,"February 14, 2016","February 14, 2016",http://www.amazon.com/Rise-Wolf-Mark-Thief-Book/dp/054556204X?tag=NYTBSREV-20,[6],6.0,1
332,PERCY JACKSON'S GREEK HEROES,Rick Riordan,John Rocco,Disney-Hyperion,"September 13, 2015","January 24, 2016",http://www.amazon.com/Percy-Jacksons-Greek-Heroes-Riordan/dp/1423183657?tag=NYTBSREV-20,"[10, 7, 7, 8, 8, 7, 6, 8, 8, 8, 8, 7, 5, 4, 3]",6.933333333333334,15
333,THE MARVELS,Brian Selznick, ,Scholastic,"October 4, 2015","January 17, 2016",http://www.amazon.com/The-Marvels-Brian-Selznick/dp/0545448689?tag=NYTBSREV-20,"[9, 10, 10, 9, 9, 10, 10, 9, 8, 7, 7, 6, 3]",8.23076923076923,13
334,THE STORY OF DIVA AND FLEA,Mo Willems,Tony DiTerlizzi,Disney-Hyperion,"November 1, 2015","January 17, 2016",http://www.amazon.com/The-Story-Diva-Flea-Willems/dp/1484722841?tag=NYTBSREV-20,"[10, 9, 6, 6, 8, 8, 7, 7, 9, 10]",8.0,10
335,CIRCUS MIRANDUS,Cassie Beasley,Diana Sudyka,Dial,"December 20, 2015","January 3, 2016",http://www.amazon.com/Circus-Mirandus-Cassie-Beasley/dp/0525428437?tag=NYTBSREV-20,"[9, 10, 10]",9.666666666666666,3
336,THE PRINCESS IN BLACK AND THE PERFECT PRINCESS PARTY,Shannon Hale and Dean Hale,LeUyen Pham,Candlewick,"November 1, 2015","December 13, 2015",http://www.amazon.com/The-Princess-Black-Perfect-Party/dp/0763665118?tag=NYTBSREV-20,"[9, 9, 6, 6, 6, 4]",6.666666666666667,6
337,FAST BREAK,Mike Lupica, ,Philomel,"November 22, 2015","November 22, 2015",http://www.amazon.com/Fast-Break-Mike-Lupica/dp/0399256067?tag=NYTBSREV-20,[10],10.0,1
338,THE THING ABOUT JELLYFISH,Ali Benjamin, ,"Little, Brown","October 11, 2015","November 8, 2015",http://www.amazon.com/The-Thing-About-Jellyfish-Benjamin/dp/0316380865?tag=NYTBSREV-20,"[8, 10, 10]",9.333333333333334,3
339,SERAFINA AND THE BLACK CLOAK,Robert Beatty, ,Disney-Hyperion,"August 30, 2015","November 8, 2015",http://www.amazon.com/Serafina-Black-Cloak-Robert-Beatty-ebook/dp/B00RY6YXPG?tag=NYTBSREV-20,"[9, 10, 4, 3]",6.5,4
340,IT'S YOUR WORLD,Chelsea Clinton, ,Philomel,"October 4, 2015","November 8, 2015",http://www.amazon.com/Its-Your-World-Informed-Inspired/dp/0399176128?tag=NYTBSREV-20,"[10, 9, 7, 7, 5]",7.6,5
341,THE BOYS IN THE BOAT,Daniel James Brown; adapted Gregory Mone, ,Viking,"September 27, 2015","October 18, 2015",http://www.amazon.com/Boys-Boat-Young-Readers-Adaptation/dp/0451475925?tag=NYTBSREV-20,"[9, 9, 8, 10]",9.0,4
342,THE COPPER GAUNTLET,Holly Black and Cassandra Clare, ,Scholastic Press,"September 20, 2015","October 4, 2015",http://www.amazon.com/The-Copper-Gauntlet-Magisterium-Book-ebook/dp/B00SLSIWAS?tag=NYTBSREV-20,"[10, 6, 5]",7.0,3
343,THE KEEPER,David Baldacci, ,Scholastic Press,"September 27, 2015","September 27, 2015",http://www.amazon.com/The-Keeper-Vega-Jane-Book-ebook/dp/B00S1KX4RW?tag=NYTBSREV-20,[4],4.0,1
344,HITLER'S LAST DAYS,Bill O'Reilly, ,Holt,"August 30, 2015","September 27, 2015",http://www.amazon.com/Hitlers-Last-Days-Notorious-Dictator-ebook/dp/B00PP6WQ4C?tag=NYTBSREV-20,"[9, 7, 6, 2]",6.0,4
345,FUZZY MUD,Louis Sachar, ,Delacorte,"August 30, 2015","September 20, 2015",http://www.amazon.com/Fuzzy-Mud-Louis-Sachar/dp/0385743785?tag=NYTBSREV-20,"[9, 10, 9]",9.333333333333334,3
346,FRANCINE POULET MEETS THE GHOST RACCOON,Kate DiCamillo,Chris Van Dusen,Candlewick,"September 13, 2015","September 13, 2015",http://www.amazon.com/Francine-Poulet-Meets-Ghost-Raccoon/dp/0763668869?tag=NYTBSREV-20,[5],5.0,1
347,JURASSIC WORLD,David Lewman, ,Random House,"August 30, 2015","August 30, 2015",http://www.amazon.com/Jurassic-Special-Edition-Junior-Novelization/dp/0553536907?tag=NYTBSREV-20,[8],8.0,1
