title,author.x,Plot.Driven,Character.Driven,Mix.of.Plot.and.Character,Strong.Character.Development,Lovable.Characters,Diverse.Characters,Flaws.Of.Characters.Important,pages,genre.tags,mood.tags,genre.tags.list,mood.tags.list,lighthearted,adventurous,hopeful,emotional,mysterious,reflective,informative,funny,challenging,tense,dark,inspiring,sad,relaxing,nonfiction,childrens,poetry,science fiction,middle grade,fiction,fantasy,young adult,literary,art,science,mystery,thriller,crime,historical,contemporary,sports,short stories,biography,memoir,autobiography,nature,gender,self help,race,magical realism,history,health,food and drink,feminism,classics,graphic novel,comics,play,video games,education,psychology,travel,horror,lgbtqia+,romance,music
A Beautiful Day in the Neighborhood: The Poetry of Mister Rogers,Fred Rogers          with Luke Flowers (Illustrator)        ,NA,NA,NA,NA,NA,NA,NA,144,"['nonfiction', 'childrens', 'poetry']",['lighthearted'],,,1,0,0,0,0,0,0,0,0,0,0,0,0,0,1,1,1,0,0,1,0,0,0,0,0,0,0,0,0,0,0,0,0,0,0,0,0,0,0,0,0,0,0,0,0,0,0,0,0,0,0,0,0,0,0,0
A Rover's Story,Jasmine Warga,0.1,0.35000000000000003,0.52,0.8,0.96,0.74,0.28,320,"['science fiction', 'middle grade', 'fiction']","['adventurous', 'hopeful', 'emotional']",,,0,1,1,1,0,0,0,0,0,0,0,0,0,0,0,0,0,1,1,1,0,0,0,0,1,0,0,0,0,0,0,0,0,0,0,0,0,0,0,0,0,0,0,0,0,0,0,0,0,0,0,0,0,0,0,0
A Tale of Magic...,Chris Colfer,0.23,0.16,0.59,0.89,0.88,0.66,0.54,481,"['fantasy', 'middle grade', 'fiction', 'young adult']",['adventurous'],,,0,1,0,0,0,0,0,0,0,0,0,0,0,0,0,0,0,0,1,1,1,1,0,0,0,0,0,0,0,0,0,0,0,0,0,0,0,0,0,0,0,0,0,0,0,0,0,0,0,0,0,0,0,0,0,0
A Tale of Witchcraft...,Chris Colfer,0.15,0.14,0.6900000000000001,0.77,0.86,0.67,0.72,432,"['fantasy', 'middle grade', 'fiction']","['adventurous', 'mysterious']",,,0,1,0,0,1,0,0,0,0,0,0,0,0,0,0,0,0,0,1,1,1,0,0,0,0,0,0,0,0,0,0,0,0,0,0,0,0,0,0,0,0,0,0,0,0,0,0,0,0,0,0,0,0,0,0,0
A Velocity of Being: Letters to a Young Reader,NA,NA,NA,NA,NA,NA,NA,NA,280,"['nonfiction', 'literary', 'childrens', 'art']",['reflective'],,,0,0,0,0,0,1,0,0,0,0,0,0,0,0,1,1,0,0,0,1,0,0,1,1,0,0,0,0,0,0,0,0,0,0,0,0,0,0,0,0,0,0,0,0,0,0,0,0,0,0,0,0,0,0,0,0
A Wolf Called Wander,Rosanne Parry          with Mónica Armiño (Illustrator)        ,0.29,0.4,0.29,0.8300000000000001,0.97,0.19,0.2,256,"['middle grade', 'fiction']","['adventurous', 'informative']",,,0,1,0,0,0,0,1,0,0,0,0,0,0,0,0,0,0,0,1,1,0,0,0,0,0,0,0,0,0,0,0,0,0,0,0,0,0,0,0,0,0,0,0,0,0,0,0,0,0,0,0,0,0,0,0,0
Ada Twist and the Perilous Pants,Andrea Beaty          with David Roberts (Illustrator)        ,0.33,0.33,0.33,0.33,1,1,0.66,112,"['childrens', 'middle grade', 'science', 'fiction']",['lighthearted'],,,1,0,0,0,0,0,0,0,0,0,0,0,0,0,0,1,0,0,1,1,0,0,0,0,1,0,0,0,0,0,0,0,0,0,0,0,0,0,0,0,0,0,0,0,0,0,0,0,0,0,0,0,0,0,0,0
Ali Cross,James Patterson,0.23,0.17,0.58,0.58,0.8200000000000001,0.75,0.25,320,"['middle grade', 'fiction', 'mystery', 'young adult']",['mysterious'],,,0,0,0,0,1,0,0,0,0,0,0,0,0,0,0,0,0,0,1,1,0,1,0,0,0,1,0,0,0,0,0,0,0,0,0,0,0,0,0,0,0,0,0,0,0,0,0,0,0,0,0,0,0,0,0,0
"Ali Cross: Like Father, Like Son",James Patterson,NA,NA,NA,NA,NA,NA,NA,304,"['nonfiction', 'thriller', 'childrens', 'crime']",['lighthearted'],,,1,0,0,0,0,0,0,0,0,0,0,0,0,0,1,1,0,0,0,1,0,0,0,0,0,0,1,1,0,0,0,0,0,0,0,0,0,0,0,0,0,0,0,0,0,0,0,0,0,0,0,0,0,0,0,0
Alien Superstar,"Henry Winkler, Lin Oliver",NA,NA,NA,NA,NA,NA,NA,264,"['science fiction', 'middle grade', 'fiction']","['lighthearted', 'adventurous', 'funny']",,,1,1,0,0,0,0,0,1,0,0,0,0,0,0,0,0,0,1,1,1,0,0,0,0,1,0,0,0,0,0,0,0,0,0,0,0,0,0,0,0,0,0,0,0,0,0,0,0,0,0,0,0,0,0,0,0
Allies,Alan Gratz,0.38,0.07,0.53,0.52,0.84,0.92,0.13,336,"['middle grade', 'historical', 'fiction', 'young adult']",['emotional'],,,0,0,0,1,0,0,0,0,0,0,0,0,0,0,0,0,0,0,1,1,0,1,0,0,0,0,0,0,1,0,0,0,0,0,0,0,0,0,0,0,0,0,0,0,0,0,0,0,0,0,0,0,0,0,0,0
Amal Unbound,Aisha Saeed,0.22,0.35000000000000003,0.42,0.8200000000000001,0.9,0.81,0.32,240,"['contemporary', 'middle grade', 'fiction']","['challenging', 'hopeful', 'emotional']",,,0,0,1,1,0,0,0,0,1,0,0,0,0,0,0,0,0,0,1,1,0,0,0,0,0,0,0,0,0,1,0,0,0,0,0,0,0,0,0,0,0,0,0,0,0,0,0,0,0,0,0,0,0,0,0,0
Amari and the Great Game,B.B. Alston,0.29,0.04,0.65,0.81,0.92,0.97,0.41000000000000003,423,"['fantasy', 'middle grade', 'fiction']","['adventurous', 'mysterious']",,,0,1,0,0,1,0,0,0,0,0,0,0,0,0,0,0,0,0,1,1,1,0,0,0,0,0,0,0,0,0,0,0,0,0,0,0,0,0,0,0,0,0,0,0,0,0,0,0,0,0,0,0,0,0,0,0
Amari and the Night Brothers,B.B. Alston,0.23,0.07,0.68,0.88,0.92,0.97,0.46,416,"['fantasy', 'middle grade', 'fiction']",['adventurous'],,,0,1,0,0,0,0,0,0,0,0,0,0,0,0,0,0,0,0,1,1,1,0,0,0,0,0,0,0,0,0,0,0,0,0,0,0,0,0,0,0,0,0,0,0,0,0,0,0,0,0,0,0,0,0,0,0
Aru Shah and the End of Time,Roshani Chokshi,0.34,0.04,0.61,0.84,0.88,0.93,0.74,355,"['fantasy', 'middle grade', 'fiction']","['adventurous', 'lighthearted']",,,1,1,0,0,0,0,0,0,0,0,0,0,0,0,0,0,0,0,1,1,1,0,0,0,0,0,0,0,0,0,0,0,0,0,0,0,0,0,0,0,0,0,0,0,0,0,0,0,0,0,0,0,0,0,0,0
Aru Shah and the Song of Death,Roshani Chokshi,0.3,0.03,0.66,0.84,0.97,0.98,0.62,304,"['fantasy', 'middle grade', 'fiction']","['adventurous', 'funny', 'lighthearted']",,,1,1,0,0,0,0,0,1,0,0,0,0,0,0,0,0,0,0,1,1,1,0,0,0,0,0,0,0,0,0,0,0,0,0,0,0,0,0,0,0,0,0,0,0,0,0,0,0,0,0,0,0,0,0,0,0
Auggie & Me: Three Wonder Stories,R.J. Palacio,0.01,0.85,0.13,0.93,0.71,0.52,0.8300000000000001,380,"['middle grade', 'fiction', 'young adult']",['lighthearted'],,,1,0,0,0,0,0,0,0,0,0,0,0,0,0,0,0,0,0,1,1,0,1,0,0,0,0,0,0,0,0,0,0,0,0,0,0,0,0,0,0,0,0,0,0,0,0,0,0,0,0,0,0,0,0,0,0
Bad Luck,Pseudonymous Bosch,0.14,0.28,0.5700000000000001,0.66,0.5700000000000001,0.71,0.33,288,"['fantasy', 'mystery', 'middle grade', 'fiction']","['mysterious', 'adventurous']",,,0,1,0,0,1,0,0,0,0,0,0,0,0,0,0,0,0,0,1,1,1,0,0,0,0,1,0,0,0,0,0,0,0,0,0,0,0,0,0,0,0,0,0,0,0,0,0,0,0,0,0,0,0,0,0,0
Baseball Genius: Baseball Genius 1,"Derek Jeter, Tim Green",NA,NA,NA,NA,NA,NA,NA,352,"['sports', 'middle grade', 'fiction']","['hopeful', 'lighthearted']",,,1,0,1,0,0,0,0,0,0,0,0,0,0,0,0,0,0,0,1,1,0,0,0,0,0,0,0,0,0,0,1,0,0,0,0,0,0,0,0,0,0,0,0,0,0,0,0,0,0,0,0,0,0,0,0,0
Batting Order,Mike Lupica,NA,NA,NA,NA,NA,NA,NA,304,"['sports', 'middle grade', 'fiction']",['tense'],,,0,0,0,0,0,0,0,0,0,1,0,0,0,0,0,0,0,0,1,1,0,0,0,0,0,0,0,0,0,0,1,0,0,0,0,0,0,0,0,0,0,0,0,0,0,0,0,0,0,0,0,0,0,0,0,0
Beasts and Beauty: Dangerous Tales,Soman Chainani          with Julia Iredale (Illustrator)        ,0.21,0.18,0.52,0.44,0.41000000000000003,0.92,0.56,336,"['fantasy', 'middle grade', 'fiction', 'short stories']","['adventurous', 'mysterious', 'dark']",,,0,1,0,0,1,0,0,0,0,0,1,0,0,0,0,0,0,0,1,1,1,0,0,0,0,0,0,0,0,0,0,1,0,0,0,0,0,0,0,0,0,0,0,0,0,0,0,0,0,0,0,0,0,0,0,0
Beauty and the Beast: Lost in a Book,Jennifer Donnelly          with Jenna Augen (Narrator)        ,0.24,0.24,0.51,0.62,0.89,0.27,0.6900000000000001,NA,"['fantasy', 'fiction', 'young adult']","['adventurous', 'mysterious']",,,0,1,0,0,1,0,0,0,0,0,0,0,0,0,0,0,0,0,0,1,1,1,0,0,0,0,0,0,0,0,0,0,0,0,0,0,0,0,0,0,0,0,0,0,0,0,0,0,0,0,0,0,0,0,0,0
Becoming Muhammad Ali,"Kwame Alexander, James Patterson          with Dawud Anyabwile (Illustrator)        ",NA,NA,NA,NA,NA,NA,NA,320,"['nonfiction', 'poetry', 'biography', 'middle grade', 'sports']","['informative', 'hopeful', 'emotional']",,,0,0,1,1,0,0,1,0,0,0,0,0,0,0,1,0,1,0,1,1,0,0,0,0,0,0,0,0,0,0,1,0,1,0,0,0,0,0,0,0,0,0,0,0,0,0,0,0,0,0,0,0,0,0,0,0
Becoming: Adapted for Young Readers,Michelle Obama,NA,NA,NA,NA,NA,NA,NA,513,"['nonfiction', 'memoir', 'autobiography']","['inspiring', 'informative', 'reflective']",,,0,0,0,0,0,1,1,0,0,0,0,1,0,0,1,0,0,0,0,1,0,0,0,0,0,0,0,0,0,0,0,0,1,1,1,0,0,0,0,0,0,0,0,0,0,0,0,0,0,0,0,0,0,0,0,0
Best Nerds Forever,"Chris Grabenstein, James Patterson",0.08,0.58,0.33,0.72,1,0.72,0.7000000000000001,288,"['childrens', 'fiction']","['adventurous', 'funny', 'mysterious']",,,0,1,0,0,1,0,0,1,0,0,0,0,0,0,0,1,0,0,0,1,0,0,0,0,0,0,0,0,0,0,0,0,0,0,0,0,0,0,0,0,0,0,0,0,0,0,0,0,0,0,0,0,0,0,0,0
"Beverly, Right Here",Kate DiCamillo,0.05,0.9,0.05,0.85,0.9500000000000001,0.31,0.58,256,"['middle grade', 'historical', 'fiction']","['reflective', 'emotional']",,,0,0,0,1,0,1,0,0,0,0,0,0,0,0,0,0,0,0,1,1,0,0,0,0,0,0,0,0,1,0,0,0,0,0,0,0,0,0,0,0,0,0,0,0,0,0,0,0,0,0,0,0,0,0,0,0
Big Tree,Brian Selznick,0.33,0.09,0.47000000000000003,0.52,0.9500000000000001,0.42,0.4,528,"['fantasy', 'middle grade', 'fiction']","['hopeful', 'emotional', 'reflective']",,,0,0,1,1,0,1,0,0,0,0,0,0,0,0,0,0,0,0,1,1,1,0,0,0,0,0,0,0,0,0,0,0,0,0,0,0,0,0,0,0,0,0,0,0,0,0,0,0,0,0,0,0,0,0,0,0
Bill Nye's Great Big World of Science,"Gregory Mone, Bill Nye",NA,NA,NA,NA,NA,NA,NA,264,"['childrens', 'young adult', 'nonfiction', 'science', 'nature']",['informative'],,,0,0,0,0,0,0,1,0,0,0,0,0,0,0,1,1,0,0,0,1,0,1,0,0,1,0,0,0,0,0,0,0,0,0,0,1,0,0,0,0,0,0,0,0,0,0,0,0,0,0,0,0,0,0,0,0
Black Ballerinas: My Journey to Our Legacy,Misty Copeland          with Salena Barnes (Illustrator)        ,NA,NA,NA,NA,NA,NA,NA,64,"['nonfiction', 'biography', 'childrens']","['informative', 'emotional', 'inspiring']",,,0,0,0,1,0,0,1,0,0,0,0,1,0,0,1,1,0,0,0,1,0,0,0,0,0,0,0,0,0,0,0,0,1,0,0,0,0,0,0,0,0,0,0,0,0,0,0,0,0,0,0,0,0,0,0,0
Black Boy Joy: 17 Stories Celebrating Black Boyhood,Kwame Mbalia,0.02,0.36,0.52,0.78,0.97,0.97,0.17,320,"['short stories', 'middle grade', 'fiction']","['lighthearted', 'hopeful', 'inspiring']",,,1,0,1,0,0,0,0,0,0,0,0,1,0,0,0,0,0,0,1,1,0,0,0,0,0,0,0,0,0,0,0,1,0,0,0,0,0,0,0,0,0,0,0,0,0,0,0,0,0,0,0,0,0,0,0,0
Blended,Sharon M. Draper,0.19,0.38,0.42,0.6900000000000001,0.92,0.98,0.32,320,"['contemporary', 'middle grade', 'fiction']",['emotional'],,,0,0,0,1,0,0,0,0,0,0,0,0,0,0,0,0,0,0,1,1,0,0,0,0,0,0,0,0,0,1,0,0,0,0,0,0,0,0,0,0,0,0,0,0,0,0,0,0,0,0,0,0,0,0,0,0
Booked,Kwame Alexander,0.05,0.52,0.42,0.86,0.9400000000000001,0.84,0.62,320,"['middle grade', 'fiction', 'poetry', 'sports']","['hopeful', 'lighthearted', 'emotional']",,,1,0,1,1,0,0,0,0,0,0,0,0,0,0,0,0,1,0,1,1,0,0,0,0,0,0,0,0,0,0,1,0,0,0,0,0,0,0,0,0,0,0,0,0,0,0,0,0,0,0,0,0,0,0,0,0
"Boys Will Be Human: A Get-Real Gut-Check Guide to Becoming the Strongest, Kindest, Bravest Person You Can Be",Justin Baldoni,NA,NA,NA,NA,NA,NA,NA,304,"['nonfiction', 'gender', 'middle grade', 'self help']","['inspiring', 'informative']",,,0,0,0,0,0,0,1,0,0,0,0,1,0,0,1,0,0,0,1,1,0,0,0,0,0,0,0,0,0,0,0,0,0,0,0,0,1,1,0,0,0,0,0,0,0,0,0,0,0,0,0,0,0,0,0,0
Broken Pride,Erin Hunter          with Owen Richardson (Illustrator)        ,0.37,0.37,0.25,0.62,0.62,0.62,0.37,336,"['fantasy', 'middle grade', 'fiction']","['mysterious', 'adventurous']",,,0,1,0,0,1,0,0,0,0,0,0,0,0,0,0,0,0,0,1,1,1,0,0,0,0,0,0,0,0,0,0,0,0,0,0,0,0,0,0,0,0,0,0,0,0,0,0,0,0,0,0,0,0,0,0,0
Broken Pride,Erin Hunter          with Owen Richardson (Illustrator)        ,0.37,0.37,0.25,0.62,0.62,0.62,0.37,336,"['fantasy', 'middle grade', 'fiction']","['mysterious', 'adventurous']",,,0,1,0,0,1,0,0,0,0,0,0,0,0,0,0,0,0,0,1,1,1,0,0,0,0,0,0,0,0,0,0,0,0,0,0,0,0,0,0,0,0,0,0,0,0,0,0,0,0,0,0,0,0,0,0,0
Broken Pride,Erin Hunter          with Owen Richardson (Illustrator)        ,0.37,0.37,0.25,0.62,0.62,0.62,0.37,336,"['fantasy', 'middle grade', 'fiction']","['mysterious', 'adventurous']",,,0,1,0,0,1,0,0,0,0,0,0,0,0,0,0,0,0,0,1,1,1,0,0,0,0,0,0,0,0,0,0,0,0,0,0,0,0,0,0,0,0,0,0,0,0,0,0,0,0,0,0,0,0,0,0,0
Brown Girl Dreaming,Jacqueline Woodson,NA,NA,NA,NA,NA,NA,NA,352,"['memoir', 'race', 'nonfiction', 'poetry', 'middle grade']","['inspiring', 'reflective', 'emotional']",,,0,0,0,1,0,1,0,0,0,0,0,1,0,0,1,0,1,0,1,1,0,0,0,0,0,0,0,0,0,0,0,0,0,1,0,0,0,0,1,0,0,0,0,0,0,0,0,0,0,0,0,0,0,0,0,0
Calling All Minds: How to Think and Create Like an Inventor,Temple Grandin,NA,NA,NA,NA,NA,NA,NA,NA,"['nonfiction', 'middle grade', 'childrens', 'science']",['informative'],,,0,0,0,0,0,0,1,0,0,0,0,0,0,0,1,1,0,0,1,1,0,0,0,0,1,0,0,0,0,0,0,0,0,0,0,0,0,0,0,0,0,0,0,0,0,0,0,0,0,0,0,0,0,0,0,0
Camp Half-Blood Confidential,Rick Riordan,0.15,0.31,0.21,0.08,0.9400000000000001,0.74,0.05,192,"['fantasy', 'middle grade', 'fiction']","['adventurous', 'funny', 'lighthearted']",,,1,1,0,0,0,0,0,1,0,0,0,0,0,0,0,0,0,0,1,1,1,0,0,0,0,0,0,0,0,0,0,0,0,0,0,0,0,0,0,0,0,0,0,0,0,0,0,0,0,0,0,0,0,0,0,0
Charlie Thorne and the Last Equation,Stuart Gibbs,0.47000000000000003,0.04,0.47000000000000003,0.38,0.73,0.85,0.1,392,"['mystery', 'middle grade', 'fiction']","['mysterious', 'lighthearted', 'adventurous']",,,1,1,0,0,1,0,0,0,0,0,0,0,0,0,0,0,0,0,1,1,0,0,0,0,0,1,0,0,0,0,0,0,0,0,0,0,0,0,0,0,0,0,0,0,0,0,0,0,0,0,0,0,0,0,0,0
Charlie Thorne and the Lost City,Stuart Gibbs,0.66,0.11,0.22,0.11,0.77,0.88,NA,375,"['childrens', 'fiction']",['adventurous'],,,0,1,0,0,0,0,0,0,0,0,0,0,0,0,0,1,0,0,0,1,0,0,0,0,0,0,0,0,0,0,0,0,0,0,0,0,0,0,0,0,0,0,0,0,0,0,0,0,0,0,0,0,0,0,0,0
Circus Mirandus,Cassie Beasley,0.41000000000000003,0.08,0.5,0.78,0.92,0.23,0.25,304,"['fantasy', 'middle grade', 'fiction']","['lighthearted', 'adventurous']",,,1,1,0,0,0,0,0,0,0,0,0,0,0,0,0,0,0,0,1,1,1,0,0,0,0,0,0,0,0,0,0,0,0,0,0,0,0,0,0,0,0,0,0,0,0,0,0,0,0,0,0,0,0,0,0,0
City of Ghosts,Victoria Schwab,0.38,0.13,0.47000000000000003,0.39,0.86,0.24,0.25,272,"['fantasy', 'middle grade', 'fiction']","['mysterious', 'adventurous', 'dark']",,,0,1,0,0,1,0,0,0,0,0,1,0,0,0,0,0,0,0,1,1,1,0,0,0,0,0,0,0,0,0,0,0,0,0,0,0,0,0,0,0,0,0,0,0,0,0,0,0,0,0,0,0,0,0,0,0
City Spies,James Ponti,0.42,0.05,0.5,0.66,0.91,0.97,0.23,384,"['mystery', 'middle grade', 'fiction']","['mysterious', 'lighthearted', 'adventurous']",,,1,1,0,0,1,0,0,0,0,0,0,0,0,0,0,0,0,0,1,1,0,0,0,0,0,1,0,0,0,0,0,0,0,0,0,0,0,0,0,0,0,0,0,0,0,0,0,0,0,0,0,0,0,0,0,0
Clean Getaway,Nic Stone,0.1,0.31,0.58,0.71,0.8200000000000001,0.91,0.68,240,"['contemporary', 'middle grade', 'fiction', 'race']","['adventurous', 'emotional']",,,0,1,0,1,0,0,0,0,0,0,0,0,0,0,0,0,0,0,1,1,0,0,0,0,0,0,0,0,0,1,0,0,0,0,0,0,0,0,1,0,0,0,0,0,0,0,0,0,0,0,0,0,0,0,0,0
Code of Honor,Erin Hunter,0.33,0.33,0.33,0.66,0.66,0.66,0.33,352,"['fantasy', 'middle grade', 'fiction']","['mysterious', 'adventurous', 'dark']",,,0,1,0,0,1,0,0,0,0,0,1,0,0,0,0,0,0,0,1,1,1,0,0,0,0,0,0,0,0,0,0,0,0,0,0,0,0,0,0,0,0,0,0,0,0,0,0,0,0,0,0,0,0,0,0,0
Crenshaw,Katherine Applegate,0.11,0.65,0.22,0.8200000000000001,0.87,0.2,0.54,256,"['childrens', 'fantasy', 'middle grade', 'fiction']",['adventurous'],,,0,1,0,0,0,0,0,0,0,0,0,0,0,0,0,1,0,0,1,1,1,0,0,0,0,0,0,0,0,0,0,0,0,0,0,0,0,0,0,0,0,0,0,0,0,0,0,0,0,0,0,0,0,0,0,0
Daughter of the Deep,Rick Riordan,0.34,0.09,0.55,0.78,0.9,0.96,0.26,336,"['fantasy', 'science fiction', 'fiction', 'young adult']","['adventurous', 'funny']",,,0,1,0,0,0,0,0,1,0,0,0,0,0,0,0,0,0,1,0,1,1,1,0,0,1,0,0,0,0,0,0,0,0,0,0,0,0,0,0,0,0,0,0,0,0,0,0,0,0,0,0,0,0,0,0,0
Demigods & Magicians: Percy and Annabeth Meet the Kanes,Rick Riordan,0.46,0.22,0.32,0.23,0.98,0.86,0.21,224,"['fantasy', 'fiction', 'young adult']","['adventurous', 'tense', 'emotional']",,,0,1,0,1,0,0,0,0,0,1,0,0,0,0,0,0,0,0,0,1,1,1,0,0,0,0,0,0,0,0,0,0,0,0,0,0,0,0,0,0,0,0,0,0,0,0,0,0,0,0,0,0,0,0,0,0
Demon Dentist,"David Walliams, Tony Ross",0.44,0.16,0.33,0.44,0.77,0.68,0.44,443,"['fantasy', 'childrens', 'middle grade', 'fiction']","['lighthearted', 'funny']",,,1,0,0,0,0,0,0,1,0,0,0,0,0,0,0,1,0,0,1,1,1,0,0,0,0,0,0,0,0,0,0,0,0,0,0,0,0,0,0,0,0,0,0,0,0,0,0,0,0,0,0,0,0,0,0,0
Diary of an Awesome Friendly Kid: Rowley Jefferson's Journal,Jeff Kinney,0.15,0.63,0.15,0.1,0.44,0.05,0.68,224,"['childrens', 'middle grade', 'fiction']","['funny', 'lighthearted']",,,1,0,0,0,0,0,0,1,0,0,0,0,0,0,0,1,0,0,1,1,0,0,0,0,0,0,0,0,0,0,0,0,0,0,0,0,0,0,0,0,0,0,0,0,0,0,0,0,0,0,0,0,0,0,0,0
Dog Diaries: A Middle School Story,James Patterson          with Richard Watson (Illustrator)        ,NA,NA,NA,NA,NA,NA,NA,208,"['childrens', 'middle grade', 'fiction']","['adventurous', 'funny']",,,0,1,0,0,0,0,0,1,0,0,0,0,0,0,0,1,0,0,1,1,0,0,0,0,0,0,0,0,0,0,0,0,0,0,0,0,0,0,0,0,0,0,0,0,0,0,0,0,0,0,0,0,0,0,0,0
Dog Diaries: Double-Dog Dare: Dog Diaries & Dog Diaries: Happy Howlidays,"Steven Butler, James Patterson          with Richard Watson (Illustrator)        ",NA,NA,NA,NA,NA,NA,NA,464,"['childrens', 'middle grade', 'fiction']","['adventurous', 'funny']",,,0,1,0,0,0,0,0,1,0,0,0,0,0,0,0,1,0,0,1,1,0,0,0,0,0,0,0,0,0,0,0,0,0,0,0,0,0,0,0,0,0,0,0,0,0,0,0,0,0,0,0,0,0,0,0,0
Dog Man Unleashed,Dav Pilkey,0.43,0.18,0.37,0.26,0.85,0.36,0.42,224,"['childrens', 'fiction']","['funny', 'lighthearted']",,,1,0,0,0,0,0,0,1,0,0,0,0,0,0,0,1,0,0,0,1,0,0,0,0,0,0,0,0,0,0,0,0,0,0,0,0,0,0,0,0,0,0,0,0,0,0,0,0,0,0,0,0,0,0,0,0
"Dog Man: From the Creator of Captain Underpants (Dog Man #1), Volume 1",Dav Pilkey          with Dav Pilkey (Illustrator)        ,0.65,0.15,0.15,0.18,0.9500000000000001,0.52,0.3,240,"['childrens', 'fiction']",['adventurous'],,,0,1,0,0,0,0,0,0,0,0,0,0,0,0,0,1,0,0,0,1,0,0,0,0,0,0,0,0,0,0,0,0,0,0,0,0,0,0,0,0,0,0,0,0,0,0,0,0,0,0,0,0,0,0,0,0
"Dragon Captives, Volume 1",Lisa McMann,NA,NA,1,0.66,0.33,0.5,1,432,"['fantasy', 'middle grade', 'fiction']","['adventurous', 'dark']",,,0,1,0,0,0,0,0,0,0,0,1,0,0,0,0,0,0,0,1,1,1,0,0,0,0,0,0,0,0,0,0,0,0,0,0,0,0,0,0,0,0,0,0,0,0,0,0,0,0,0,0,0,0,0,0,0
Dragon Pearl,Yoon Ha Lee,0.4,0.15,0.43,0.61,0.77,0.92,0.48,320,"['fantasy', 'science fiction', 'middle grade', 'fiction']",['adventurous'],,,0,1,0,0,0,0,0,0,0,0,0,0,0,0,0,0,0,1,1,1,1,0,0,0,1,0,0,0,0,0,0,0,0,0,0,0,0,0,0,0,0,0,0,0,0,0,0,0,0,0,0,0,0,0,0,0
"Dude Perfect 101 Tricks, Tips, and Cool Stuff","Dudeperfect, Travis Thrasher",NA,NA,NA,NA,NA,NA,NA,256,"['nonfiction', 'childrens', 'sports']","['informative', 'lighthearted']",,,1,0,0,0,0,0,1,0,0,0,0,0,0,0,1,1,0,0,0,1,0,0,0,0,0,0,0,0,0,0,1,0,0,0,0,0,0,0,0,0,0,0,0,0,0,0,0,0,0,0,0,0,0,0,0,0
Echo,Pam Muñoz Ryan,0.2,0.32,0.47000000000000003,0.81,0.9,0.92,0.25,592,"['middle grade', 'historical', 'fiction', 'magical realism']","['reflective', 'emotional']",,,0,0,0,1,0,1,0,0,0,0,0,0,0,0,0,0,0,0,1,1,0,0,0,0,0,0,0,0,1,0,0,0,0,0,0,0,0,0,0,1,0,0,0,0,0,0,0,0,0,0,0,0,0,0,0,0
Endling: The First,Katherine Applegate          with Max Kostenko (Illustrator)        ,NA,NA,1,0.93,0.93,0.6,0.53,400,"['fantasy', 'middle grade', 'fiction']",['adventurous'],,,0,1,0,0,0,0,0,0,0,0,0,0,0,0,0,0,0,0,1,1,1,0,0,0,0,0,0,0,0,0,0,0,0,0,0,0,0,0,0,0,0,0,0,0,0,0,0,0,0,0,0,0,0,0,0,0
Endling: The Last,Katherine Applegate,0.18,0.14,0.66,0.65,0.96,0.76,0.2,400,"['fantasy', 'middle grade', 'fiction']",['adventurous'],,,0,1,0,0,0,0,0,0,0,0,0,0,0,0,0,0,0,0,1,1,1,0,0,0,0,0,0,0,0,0,0,0,0,0,0,0,0,0,0,0,0,0,0,0,0,0,0,0,0,0,0,0,0,0,0,0
Epoca: The Tree of Ecrof,Ivy Claire,NA,0.5,0.5,0.5,0.5,0.5,1,368,"['fantasy', 'fiction', 'sports']",['adventurous'],,,0,1,0,0,0,0,0,0,0,0,0,0,0,0,0,0,0,0,0,1,1,0,0,0,0,0,0,0,0,0,1,0,0,0,0,0,0,0,0,0,0,0,0,0,0,0,0,0,0,0,0,0,0,0,0,0
Essentially Charli: The Ultimate Guide To Keeping It Real,Charli D’Amelio,NA,NA,NA,NA,NA,NA,NA,192,"['nonfiction', 'biography', 'young adult', 'autobiography']",[],,,0,0,0,0,0,0,0,0,0,0,0,0,0,0,1,0,0,0,0,1,0,1,0,0,0,0,0,0,0,0,0,0,1,0,1,0,0,0,0,0,0,0,0,0,0,0,0,0,0,0,0,0,0,0,0,0
Fall of the School for Good and Evil,Soman Chainani,0.12,0.12,0.75,0.75,0.37,0.87,0.87,368,"['fantasy', 'middle grade', 'fiction', 'young adult']","['adventurous', 'emotional', 'dark']",,,0,1,0,1,0,0,0,0,0,0,1,0,0,0,0,0,0,0,1,1,1,1,0,0,0,0,0,0,0,0,0,0,0,0,0,0,0,0,0,0,0,0,0,0,0,0,0,0,0,0,0,0,0,0,0,0
Fast Break,Mike Lupica,NA,1,NA,1,NA,1,1,272,"['sports', 'middle grade', 'fiction']",['lighthearted'],,,1,0,0,0,0,0,0,0,0,0,0,0,0,0,0,0,0,0,1,1,0,0,0,0,0,0,0,0,0,0,1,0,0,0,0,0,0,0,0,0,0,0,0,0,0,0,0,0,0,0,0,0,0,0,0,0
Final Season,"Tim Green, Tim Green",NA,NA,NA,NA,NA,NA,NA,304,[],"['emotional', 'sad', 'reflective']",,,0,0,0,1,0,1,0,0,0,0,0,0,1,0,0,0,0,0,0,0,0,0,0,0,0,0,0,0,0,0,0,0,0,0,0,0,0,0,0,0,0,0,0,0,0,0,0,0,0,0,0,0,0,0,0,0
Finally Seen,Kelly Yang,0.02,0.28,0.6900000000000001,0.97,0.93,1,0.33,NA,"['middle grade', 'fiction']","['challenging', 'emotional']",,,0,0,0,1,0,0,0,0,1,0,0,0,0,0,0,0,0,0,1,1,0,0,0,0,0,0,0,0,0,0,0,0,0,0,0,0,0,0,0,0,0,0,0,0,0,0,0,0,0,0,0,0,0,0,0,0
Finding Home,"Karen Kingsbury, Tyler Russell",0.33,0.33,0.33,0.66,0.33,NA,0.5,320,"['childrens', 'fiction']","['hopeful', 'lighthearted', 'relaxing']",,,1,0,1,0,0,0,0,0,0,0,0,0,0,1,0,1,0,0,0,1,0,0,0,0,0,0,0,0,0,0,0,0,0,0,0,0,0,0,0,0,0,0,0,0,0,0,0,0,0,0,0,0,0,0,0,0
Finish the Fight!: The Brave and Revolutionary Women Who Fought for the Right to Vote,"Veronica Chambers, The Staff of the New York Times",NA,NA,NA,NA,NA,NA,NA,144,"['nonfiction', 'biography', 'middle grade', 'history']",['informative'],,,0,0,0,0,0,0,1,0,0,0,0,0,0,0,1,0,0,0,1,1,0,0,0,0,0,0,0,0,0,0,0,0,1,0,0,0,0,0,0,0,1,0,0,0,0,0,0,0,0,0,0,0,0,0,0,0
Fish in a Tree,Lynda Mullaly Hunt,NA,0.8,0.18,0.98,0.9,0.67,0.86,288,"['middle grade', 'fiction', 'young adult']",['emotional'],,,0,0,0,1,0,0,0,0,0,0,0,0,0,0,0,0,0,0,1,1,0,1,0,0,0,0,0,0,0,0,0,0,0,0,0,0,0,0,0,0,0,0,0,0,0,0,0,0,0,0,0,0,0,0,0,0
"Food Network Magazine The Big, Fun Kids Cookbook Sampler: 150+ Recipes for Young Chefs","Food Network Magazine, Maile Carpenter",NA,NA,NA,NA,NA,NA,NA,20,['nonfiction'],"['informative', 'lighthearted']",,,1,0,0,0,0,0,1,0,0,0,0,0,0,0,1,0,0,0,0,1,0,0,0,0,0,0,0,0,0,0,0,0,0,0,0,0,0,0,0,0,0,0,0,0,0,0,0,0,0,0,0,0,0,0,0,0
"Food Network Magazine: The Big, Fun Kids Baking Book: 110+ Recipes for Young Bakers",NA,NA,NA,NA,NA,NA,NA,NA,192,"['nonfiction', 'childrens', 'health', 'food and drink']","['informative', 'lighthearted']",,,1,0,0,0,0,0,1,0,0,0,0,0,0,0,1,1,0,0,0,1,0,0,0,0,0,0,0,0,0,0,0,0,0,0,0,0,0,0,0,0,0,1,1,0,0,0,0,0,0,0,0,0,0,0,0,0
For Magnus Chase: Hotel Valhalla Guide to the Norse Worlds,Rick Riordan,0.15,0.25,0.15,0.05,0.44,0.64,0.17,176,"['fantasy', 'fiction', 'young adult']",['adventurous'],,,0,1,0,0,0,0,0,0,0,0,0,0,0,0,0,0,0,0,0,1,1,1,0,0,0,0,0,0,0,0,0,0,0,0,0,0,0,0,0,0,0,0,0,0,0,0,0,0,0,0,0,0,0,0,0,0
Freewater,Amina Luqman-Dawson,0.21,0.11,0.66,0.86,0.8,0.9500000000000001,0.28,416,"['middle grade', 'fiction', 'race']","['informative', 'emotional', 'dark']",,,0,0,0,1,0,0,1,0,0,0,1,0,0,0,0,0,0,0,1,1,0,0,0,0,0,0,0,0,0,0,0,0,0,0,0,0,0,0,1,0,0,0,0,0,0,0,0,0,0,0,0,0,0,0,0,0
Furthermore,Tahereh Mafi,0.2,0.2,0.58,0.9,0.78,0.7000000000000001,0.72,416,"['fantasy', 'middle grade', 'fiction']","['reflective', 'adventurous']",,,0,1,0,0,0,1,0,0,0,0,0,0,0,0,0,0,0,0,1,1,1,0,0,0,0,0,0,0,0,0,0,0,0,0,0,0,0,0,0,0,0,0,0,0,0,0,0,0,0,0,0,0,0,0,0,0
Fuzzy Mud,Louis Sachar,0.4,0.1,0.4,0.77,0.6,0.45,0.5,NA,"['science fiction', 'middle grade', 'fiction', 'mystery']","['adventurous', 'mysterious']",,,0,1,0,0,1,0,0,0,0,0,0,0,0,0,0,0,0,1,1,1,0,0,0,0,1,1,0,0,0,0,0,0,0,0,0,0,0,0,0,0,0,0,0,0,0,0,0,0,0,0,0,0,0,0,0,0
Ghost,Jason Reynolds,0.03,0.68,0.28,0.96,0.92,0.97,0.8200000000000001,192,"['middle grade', 'fiction', 'young adult', 'sports']","['hopeful', 'emotional']",,,0,0,1,1,0,0,0,0,0,0,0,0,0,0,0,0,0,0,1,1,0,1,0,0,0,0,0,0,0,0,1,0,0,0,0,0,0,0,0,0,0,0,0,0,0,0,0,0,0,0,0,0,0,0,0,0
Ghost Boys,Jewell Parker Rhodes,0.12,0.42,0.44,0.67,0.71,0.9500000000000001,0.3,240,"['middle grade', 'fiction']","['sad', 'emotional']",,,0,0,0,1,0,0,0,0,0,0,0,0,1,0,0,0,0,0,1,1,0,0,0,0,0,0,0,0,0,0,0,0,0,0,0,0,0,0,0,0,0,0,0,0,0,0,0,0,0,0,0,0,0,0,0,0
Girls Who Code: Learn to Code and Change the World,Reshma Saujani,NA,NA,NA,NA,NA,NA,NA,176,"['nonfiction', 'childrens', 'middle grade', 'science']","['informative', 'inspiring']",,,0,0,0,0,0,0,1,0,0,0,0,1,0,0,1,1,0,0,1,1,0,0,0,0,1,0,0,0,0,0,0,0,0,0,0,0,0,0,0,0,0,0,0,0,0,0,0,0,0,0,0,0,0,0,0,0
Glory: Magical Visions of Black Beauty,"Kahran Bethencourt, Regis Bethencourt",NA,NA,NA,NA,NA,NA,NA,256,['art'],"['informative', 'lighthearted', 'inspiring']",,,1,0,0,0,0,0,1,0,0,0,0,1,0,0,0,0,0,0,0,0,0,0,0,1,0,0,0,0,0,0,0,0,0,0,0,0,0,0,0,0,0,0,0,0,0,0,0,0,0,0,0,0,0,0,0,0
Golden Gate,James Ponti,0.32,0.1,0.55,0.87,1,0.97,0.44,432,"['middle grade', 'fiction', 'mystery']","['adventurous', 'mysterious', 'lighthearted']",,,1,1,0,0,1,0,0,0,0,0,0,0,0,0,0,0,0,0,1,1,0,0,0,0,0,1,0,0,0,0,0,0,0,0,0,0,0,0,0,0,0,0,0,0,0,0,0,0,0,0,0,0,0,0,0,0
Good Night Stories for Rebel Girls 2,"Francesca Cavallo, Elena Favilli",NA,NA,NA,NA,NA,NA,NA,224,"['nonfiction', 'biography', 'childrens', 'feminism']",['reflective'],,,0,0,0,0,0,1,0,0,0,0,0,0,0,0,1,1,0,0,0,1,0,0,0,0,0,0,0,0,0,0,0,0,1,0,0,0,0,0,0,0,0,0,0,1,0,0,0,0,0,0,0,0,0,0,0,0
"Good Night Stories for Rebel Girls, Volume 1: 100 Tales of Extraordinary Women","Francesca Cavallo, Elena Favilli",NA,NA,NA,NA,NA,NA,NA,224,"['nonfiction', 'feminism', 'childrens', 'biography']","['inspiring', 'informative', 'reflective']",,,0,0,0,0,0,1,1,0,0,0,0,1,0,0,1,1,0,0,0,1,0,0,0,0,0,0,0,0,0,0,0,0,1,0,0,0,0,0,0,0,0,0,0,1,0,0,0,0,0,0,0,0,0,0,0,0
Gravity Falls: Journal 3,"Rob Renzetti, Alex Hirsch          with Stephanie Ramirez (Illustrator), Andy Gonsalves (Illustrator)        ",0.26,0.21,0.39,0.62,0.8200000000000001,0.17,0.52,288,"['fantasy', 'science fiction', 'fiction', 'mystery']","['adventurous', 'funny', 'mysterious']",,,0,1,0,0,1,0,0,1,0,0,0,0,0,0,0,0,0,1,0,1,1,0,0,0,1,1,0,0,0,0,0,0,0,0,0,0,0,0,0,0,0,0,0,0,0,0,0,0,0,0,0,0,0,0,0,0
Ground Zero,Alan Gratz,0.42,0.12,0.44,0.67,0.76,0.91,0.14,336,"['middle grade', 'historical', 'fiction']","['sad', 'emotional']",,,0,0,0,1,0,0,0,0,0,0,0,0,1,0,0,0,0,0,1,1,0,0,0,0,0,0,0,0,1,0,0,0,0,0,0,0,0,0,0,0,0,0,0,0,0,0,0,0,0,0,0,0,0,0,0,0
"Grover Cleveland, Again!: A Treasury of American Presidents","Ken Burns, Gerald Kelley",NA,NA,NA,NA,NA,NA,NA,96,"['nonfiction', 'history', 'biography']",['informative'],,,0,0,0,0,0,0,1,0,0,0,0,0,0,0,1,0,0,0,0,1,0,0,0,0,0,0,0,0,0,0,0,0,1,0,0,0,0,0,0,0,1,0,0,0,0,0,0,0,0,0,0,0,0,0,0,0
Harbor Me,Jacqueline Woodson,0.01,0.85,0.12,0.85,0.9500000000000001,1,0.39,192,"['fiction', 'young adult']","['reflective', 'emotional']",,,0,0,0,1,0,1,0,0,0,0,0,0,0,0,0,0,0,0,0,1,0,1,0,0,0,0,0,0,0,0,0,0,0,0,0,0,0,0,0,0,0,0,0,0,0,0,0,0,0,0,0,0,0,0,0,0
"Hello, Universe",Erin Entrada Kelly          with Isabel Roxas (Illustrator)        ,0.15,0.46,0.38,0.75,0.86,0.97,0.64,320,"['middle grade', 'fiction']","['hopeful', 'lighthearted', 'emotional']",,,1,0,1,1,0,0,0,0,0,0,0,0,0,0,0,0,0,0,1,1,0,0,0,0,0,0,0,0,0,0,0,0,0,0,0,0,0,0,0,0,0,0,0,0,0,0,0,0,0,0,0,0,0,0,0,0
Hitler's Last Days: The Death of the Nazi Regime and the World's Most Notorious Dictator,Bill O'Reilly,NA,NA,NA,NA,NA,NA,NA,320,"['nonfiction', 'history', 'biography']",['informative'],,,0,0,0,0,0,0,1,0,0,0,0,0,0,0,1,0,0,0,0,1,0,0,0,0,0,0,0,0,0,0,0,0,1,0,0,0,0,0,0,0,1,0,0,0,0,0,0,0,0,0,0,0,0,0,0,0
Home Sweet Motel,Chris Grabenstein,NA,NA,NA,NA,NA,NA,NA,304,"['mystery', 'middle grade', 'fiction']","['mysterious', 'adventurous', 'funny']",,,0,1,0,0,1,0,0,1,0,0,0,0,0,0,0,0,0,0,1,1,0,0,0,0,0,1,0,0,0,0,0,0,0,0,0,0,0,0,0,0,0,0,0,0,0,0,0,0,0,0,0,0,0,0,0,0
How Do You Live?,"Genzaburo Yoshino          with Bruno Navasky (Translator), Neil Gaiman (Contributor)        ",0.02,0.79,0.15,0.86,0.92,0.3,0.58,288,"['classics', 'middle grade', 'fiction']","['hopeful', 'inspiring', 'reflective']",,,0,0,1,0,0,1,0,0,0,0,0,1,0,0,0,0,0,0,1,1,0,0,0,0,0,0,0,0,0,0,0,0,0,0,0,0,0,0,0,0,0,0,0,0,1,0,0,0,0,0,0,0,0,0,0,0
I Am Malala: The Girl Who Stood Up for Education and Was Shot by the Taliban,Malala Yousafzai          with Christina Lamb (Contributor)        ,NA,NA,NA,NA,NA,NA,NA,327,"['nonfiction', 'feminism', 'memoir']","['inspiring', 'informative', 'emotional']",,,0,0,0,1,0,0,1,0,0,0,0,1,0,0,1,0,0,0,0,1,0,0,0,0,0,0,0,0,0,0,0,0,0,1,0,0,0,0,0,0,0,0,0,1,0,0,0,0,0,0,0,0,0,0,0,0
I Am the Walrus,"Neal Shusterman, Eric Elfman",NA,NA,NA,NA,NA,NA,NA,400,[],[],,,0,0,0,0,0,0,0,0,0,0,0,0,0,0,0,0,0,0,0,0,0,0,0,0,0,0,0,0,0,0,0,0,0,0,0,0,0,0,0,0,0,0,0,0,0,0,0,0,0,0,0,0,0,0,0,0
I Got This: To Gold and Beyond,Laurie Hernandez,NA,NA,NA,NA,NA,NA,NA,240,"['nonfiction', 'memoir', 'sports', 'biography']","['inspiring', 'informative', 'emotional']",,,0,0,0,1,0,0,1,0,0,0,0,1,0,0,1,0,0,0,0,1,0,0,0,0,0,0,0,0,0,0,1,0,1,1,0,0,0,0,0,0,0,0,0,0,0,0,0,0,0,0,0,0,0,0,0,0
I'm Just No Good at Rhyming: And Other Nonsense for Mischievous Kids and Immature Grown-Ups,Chris Harris          with Lane Smith (Illustrator)        ,NA,NA,NA,NA,NA,NA,NA,192,"['nonfiction', 'middle grade', 'poetry']","['funny', 'lighthearted']",,,1,0,0,0,0,0,0,1,0,0,0,0,0,0,1,0,1,0,1,1,0,0,0,0,0,0,0,0,0,0,0,0,0,0,0,0,0,0,0,0,0,0,0,0,0,0,0,0,0,0,0,0,0,0,0,0
Iceberg,Jennifer A. Nielsen,0.11,0.33,0.55,0.62,0.6,0.62,0.33,352,"['historical', 'fiction']","['adventurous', 'mysterious', 'tense']",,,0,1,0,0,1,0,0,0,0,1,0,0,0,0,0,0,0,0,0,1,0,0,0,0,0,0,0,0,1,0,0,0,0,0,0,0,0,0,0,0,0,0,0,0,0,0,0,0,0,0,0,0,0,0,0,0
If We Were Giants,"Clete Barrett Smith, Dave Matthews          with Antonio Javier Caparo (Illustrator)        ",1,NA,NA,1,1,NA,1,304,"['childrens', 'fantasy', 'middle grade', 'fiction']",['adventurous'],,,0,1,0,0,0,0,0,0,0,0,0,0,0,0,0,1,0,0,1,1,1,0,0,0,0,0,0,0,0,0,0,0,0,0,0,0,0,0,0,0,0,0,0,0,0,0,0,0,0,0,0,0,0,0,0,0
It's Not Bragging If It's True: How to Be Awesome at Life,Zaila Avant-garde,NA,NA,NA,NA,NA,NA,NA,144,"['nonfiction', 'middle grade']",[],,,0,0,0,0,0,0,0,0,0,0,0,0,0,0,1,0,0,0,1,1,0,0,0,0,0,0,0,0,0,0,0,0,0,0,0,0,0,0,0,0,0,0,0,0,0,0,0,0,0,0,0,0,0,0,0,0
It's Trevor Noah: Born a Crime: Stories from a South African Childhood (Adapted for Young Readers),Trevor Noah,NA,NA,NA,NA,NA,NA,NA,304,"['nonfiction', 'middle grade', 'memoir', 'autobiography']","['informative', 'reflective', 'funny']",,,0,0,0,0,0,1,1,1,0,0,0,0,0,0,1,0,0,0,1,1,0,0,0,0,0,0,0,0,0,0,0,0,1,1,1,0,0,0,0,0,0,0,0,0,0,0,0,0,0,0,0,0,0,0,0,0
"It's Your World: Get Informed, Get Inspired & Get Going!",Chelsea Clinton,NA,NA,NA,NA,NA,NA,NA,416,"['nonfiction', 'childrens']","['inspiring', 'informative']",,,0,0,0,0,0,0,1,0,0,0,0,1,0,0,1,1,0,0,0,1,0,0,0,0,0,0,0,0,0,0,0,0,0,0,0,0,0,0,0,0,0,0,0,0,0,0,0,0,0,0,0,0,0,0,0,0
Jack and the Geniuses: At the Bottom of the World,"Gregory Mone, Bill Nye          with Nicholas Iluzada (Illustrator)        ",NA,NA,1,0.5,1,1,0.5,256,"['middle grade', 'fiction', 'mystery']","['adventurous', 'mysterious', 'tense']",,,0,1,0,0,1,0,0,0,0,1,0,0,0,0,0,0,0,0,1,1,0,0,0,0,0,1,0,0,0,0,0,0,0,0,0,0,0,0,0,0,0,0,0,0,0,0,0,0,0,0,0,0,0,0,0,0
Jacky Ha-Ha: A Graphic Novel,"Chris Grabenstein, James Patterson",NA,0.5,0.5,0.75,0.75,0.25,1,240,"['graphic novel', 'comics', 'childrens', 'fiction']",['lighthearted'],,,1,0,0,0,0,0,0,0,0,0,0,0,0,0,0,1,0,0,0,1,0,0,0,0,0,0,0,0,0,0,0,0,0,0,0,0,0,0,0,0,0,0,0,0,0,1,1,0,0,0,0,0,0,0,0,0
Jacky Ha-Ha: My Life is a Joke,James Patterson,0.66,NA,0.33,0.33,0.66,0.66,1,352,"['childrens', 'middle grade', 'fiction']","['adventurous', 'funny', 'lighthearted']",,,1,1,0,0,0,0,0,1,0,0,0,0,0,0,0,1,0,0,1,1,0,0,0,0,0,0,0,0,0,0,0,0,0,0,0,0,0,0,0,0,0,0,0,0,0,0,0,0,0,0,0,0,0,0,0,0
JoJo's Guide to the Sweet Life: #PeaceOutHaterz,JoJo Siwa,NA,NA,NA,NA,NA,NA,NA,224,['nonfiction'],['emotional'],,,0,0,0,1,0,0,0,0,0,0,0,0,0,0,1,0,0,0,0,1,0,0,0,0,0,0,0,0,0,0,0,0,0,0,0,0,0,0,0,0,0,0,0,0,0,0,0,0,0,0,0,0,0,0,0,0
Jurassic World Special Edition Junior Novelization,David Lewman          with Random House (Illustrator)        ,NA,NA,NA,NA,NA,NA,NA,128,"['science fiction', 'childrens', 'fiction']",['adventurous'],,,0,1,0,0,0,0,0,0,0,0,0,0,0,0,0,1,0,1,0,1,0,0,0,0,1,0,0,0,0,0,0,0,0,0,0,0,0,0,0,0,0,0,0,0,0,0,0,0,0,0,0,0,0,0,0,0
Kaleidoscope,Brian Selznick,0.07,0.55,0.3,0.12,0.51,0.11,0.12,208,"['fantasy', 'young adult', 'fiction']","['emotional', 'adventurous']",,,0,1,0,1,0,0,0,0,0,0,0,0,0,0,0,0,0,0,0,1,1,1,0,0,0,0,0,0,0,0,0,0,0,0,0,0,0,0,0,0,0,0,0,0,0,0,0,0,0,0,0,0,0,0,0,0
Katt vs. Dogg,"Chris Grabenstein, James Patterson          with Anuki López (Illustrator)        ",NA,NA,1,0.5,0.5,NA,1,320,"['middle grade', 'fiction']","['adventurous', 'funny', 'lighthearted']",,,1,1,0,0,0,0,0,1,0,0,0,0,0,0,0,0,0,0,1,1,0,0,0,0,0,0,0,0,0,0,0,0,0,0,0,0,0,0,0,0,0,0,0,0,0,0,0,0,0,0,0,0,0,0,0,0
Laugh Out Loud,"Chris Grabenstein, James Patterson          with Jeffrey Ebbeler (Illustrator)        ",1,NA,NA,NA,1,NA,NA,304,"['childrens', 'middle grade', 'fiction']",['lighthearted'],,,1,0,0,0,0,0,0,0,0,0,0,0,0,0,0,1,0,0,1,1,0,0,0,0,0,0,0,0,0,0,0,0,0,0,0,0,0,0,0,0,0,0,0,0,0,0,0,0,0,0,0,0,0,0,0,0
Legacy and the Queen,Annie Matthew,0.5,0.5,NA,0.5,1,1,0.5,208,"['fantasy', 'fiction', 'young adult', 'sports']",['adventurous'],,,0,1,0,0,0,0,0,0,0,0,0,0,0,0,0,0,0,0,0,1,1,1,0,0,0,0,0,0,0,0,1,0,0,0,0,0,0,0,0,0,0,0,0,0,0,0,0,0,0,0,0,0,0,0,0,0
Lines of Courage,Jennifer A. Nielsen,0.12,0.31,0.56,0.81,0.9400000000000001,0.88,0.35000000000000003,400,"['historical', 'middle grade', 'fiction']","['emotional', 'inspiring', 'adventurous']",,,0,1,0,1,0,0,0,0,0,0,0,1,0,0,0,0,0,0,1,1,0,0,0,0,0,0,0,0,1,0,0,0,0,0,0,0,0,0,0,0,0,0,0,0,0,0,0,0,0,0,0,0,0,0,0,0
Little Dreamers: Visionary Women Around the World,Vashti Harrison,NA,NA,NA,NA,NA,NA,NA,90,"['nonfiction', 'childrens', 'biography']","['inspiring', 'informative']",,,0,0,0,0,0,0,1,0,0,0,0,1,0,0,1,1,0,0,0,1,0,0,0,0,0,0,0,0,0,0,0,0,1,0,0,0,0,0,0,0,0,0,0,0,0,0,0,0,0,0,0,0,0,0,0,0
Little Leaders: Bold Women in Black History,Vashti Harrison,NA,NA,NA,NA,NA,NA,NA,87,"['nonfiction', 'history', 'biography']","['inspiring', 'informative']",,,0,0,0,0,0,0,1,0,0,0,0,1,0,0,1,0,0,0,0,1,0,0,0,0,0,0,0,0,0,0,0,0,1,0,0,0,0,0,0,0,1,0,0,0,0,0,0,0,0,0,0,0,0,0,0,0
Little Legends: Exceptional Men in Black History,Vashti Harrison,NA,NA,NA,NA,NA,NA,NA,96,"['childrens', 'autobiography', 'nonfiction', 'historical', 'biography']",['informative'],,,0,0,0,0,0,0,1,0,0,0,0,0,0,0,1,1,0,0,0,1,0,0,0,0,0,0,0,0,1,0,0,0,1,0,1,0,0,0,0,0,0,0,0,0,0,0,0,0,0,0,0,0,0,0,0,0
Living the Confidence Code: Real Girls. Real Stories. Real Confidence.,"Claire Shipman, Katty Kay, Jillellyn Riley",NA,NA,NA,NA,NA,NA,NA,400,[],"['informative', 'reflective']",,,0,0,0,0,0,1,1,0,0,0,0,0,0,0,0,0,0,0,0,0,0,0,0,0,0,0,0,0,0,0,0,0,0,0,0,0,0,0,0,0,0,0,0,0,0,0,0,0,0,0,0,0,0,0,0,0
Look Both Ways: A Tale Told in Ten Blocks,Jason Reynolds,0.08,0.75,0.16,0.45,0.89,0.96,0.35000000000000003,231,"['short stories', 'middle grade', 'fiction']","['funny', 'lighthearted', 'emotional']",,,1,0,0,1,0,0,0,1,0,0,0,0,0,0,0,0,0,0,1,1,0,0,0,0,0,0,0,0,0,0,0,1,0,0,0,0,0,0,0,0,0,0,0,0,0,0,0,0,0,0,0,0,0,0,0,0
Louisiana's Way Home,Kate DiCamillo,NA,0.64,0.35000000000000003,0.9400000000000001,0.9500000000000001,0.11,0.64,240,"['childrens', 'middle grade', 'fiction']",['adventurous'],,,0,1,0,0,0,0,0,0,0,0,0,0,0,0,0,1,0,0,1,1,0,0,0,0,0,0,0,0,0,0,0,0,0,0,0,0,0,0,0,0,0,0,0,0,0,0,0,0,0,0,0,0,0,0,0,0
"Mac Undercover (Mac B., Kid Spy #1)",Mac Barnett          with Mike Lowery (Illustrator)        ,0.4,NA,0.6,0.2,0.8,0.2,0.2,150,"['middle grade', 'fiction', 'mystery']","['mysterious', 'lighthearted']",,,1,0,0,0,1,0,0,0,0,0,0,0,0,0,0,0,0,0,1,1,0,0,0,0,0,1,0,0,0,0,0,0,0,0,0,0,0,0,0,0,0,0,0,0,0,0,0,0,0,0,0,0,0,0,0,0
Map of Flames,Lisa McMann,0.21,0.28,0.5,1,0.84,0.7000000000000001,0.18,384,"['fantasy', 'middle grade', 'fiction']","['mysterious', 'adventurous', 'dark']",,,0,1,0,0,1,0,0,0,0,0,1,0,0,0,0,0,0,0,1,1,1,0,0,0,0,0,0,0,0,0,0,0,0,0,0,0,0,0,0,0,0,0,0,0,0,0,0,0,0,0,0,0,0,0,0,0
Marcus Makes a Movie,"Kevin Hart, Geoff Rodkey          with David Cooper (Illustrator)        ",NA,NA,1,1,1,1,0.33,208,"['middle grade', 'fiction']","['funny', 'lighthearted']",,,1,0,0,0,0,0,0,1,0,0,0,0,0,0,0,0,0,0,1,1,0,0,0,0,0,0,0,0,0,0,0,0,0,0,0,0,0,0,0,0,0,0,0,0,0,0,0,0,0,0,0,0,0,0,0,0
Max and the Midknights,Lincoln Peirce,0.5,NA,0.5,0.5,1,1,0.5,NA,"['childrens', 'play', 'comics', 'fantasy', 'graphic novel', 'fiction']","['adventurous', 'lighthearted']",,,1,1,0,0,0,0,0,0,0,0,0,0,0,0,0,1,0,0,0,1,1,0,0,0,0,0,0,0,0,0,0,0,0,0,0,0,0,0,0,0,0,0,0,0,0,1,1,1,0,0,0,0,0,0,0,0
Max and the Midknights: Battle of the Bodkins,Lincoln Peirce,1,NA,NA,1,1,1,NA,272,"['childrens', 'comics', 'fantasy', 'graphic novel', 'fiction']",['adventurous'],,,0,1,0,0,0,0,0,0,0,0,0,0,0,0,0,1,0,0,0,1,1,0,0,0,0,0,0,0,0,0,0,0,0,0,0,0,0,0,0,0,0,0,0,0,0,1,1,0,0,0,0,0,0,0,0,0
Max Einstein: Rebels with a Cause,"Chris Grabenstein, James Patterson          with Beverly Johnson (Illustrator)        ",0.5,0.5,NA,NA,0.5,1,NA,320,"['childrens', 'middle grade', 'fiction']",['adventurous'],,,0,1,0,0,0,0,0,0,0,0,0,0,0,0,0,1,0,0,1,1,0,0,0,0,0,0,0,0,0,0,0,0,0,0,0,0,0,0,0,0,0,0,0,0,0,0,0,0,0,0,0,0,0,0,0,0
Max Einstein: The Genius Experiment,"Chris Grabenstein, James Patterson          with Beverly Johnson (Illustrator)        ",0.22,0.55,0.22,0.55,0.77,1,0.11,352,"['childrens', 'middle grade', 'fiction']",['adventurous'],,,0,1,0,0,0,0,0,0,0,0,0,0,0,0,0,1,0,0,1,1,0,0,0,0,0,0,0,0,0,0,0,0,0,0,0,0,0,0,0,0,0,0,0,0,0,0,0,0,0,0,0,0,0,0,0,0
Merci Suárez Changes Gears,Meg Medina,0.03,0.55,0.41000000000000003,0.96,0.89,1,0.5700000000000001,368,"['middle grade', 'fiction']","['lighthearted', 'emotional']",,,1,0,0,1,0,0,0,0,0,0,0,0,0,0,0,0,0,0,1,1,0,0,0,0,0,0,0,0,0,0,0,0,0,0,0,0,0,0,0,0,0,0,0,0,0,0,0,0,0,0,0,0,0,0,0,0
Minecraft: The Crash,Tracey Baptiste,NA,NA,NA,NA,NA,NA,NA,288,"['childrens', 'young adult', 'fantasy', 'video games', 'fiction']",['adventurous'],,,0,1,0,0,0,0,0,0,0,0,0,0,0,0,0,1,0,0,0,1,1,1,0,0,0,0,0,0,0,0,0,0,0,0,0,0,0,0,0,0,0,0,0,0,0,0,0,0,1,0,0,0,0,0,0,0
Minecraft: The Island,Max Brooks,0.2,0.68,0.12,0.87,0.8,0.05,0.72,271,"['video games', 'middle grade', 'fiction']",['adventurous'],,,0,1,0,0,0,0,0,0,0,0,0,0,0,0,0,0,0,0,1,1,0,0,0,0,0,0,0,0,0,0,0,0,0,0,0,0,0,0,0,0,0,0,0,0,0,0,0,0,1,0,0,0,0,0,0,0
Moo: A Novel,Sharon Creech,NA,NA,NA,NA,NA,NA,NA,288,"['fiction', 'literary', 'poetry', 'middle grade', 'nature']",[],,,0,0,0,0,0,0,0,0,0,0,0,0,0,0,0,0,1,0,1,1,0,0,1,0,0,0,0,0,0,0,0,0,0,0,0,1,0,0,0,0,0,0,0,0,0,0,0,0,0,0,0,0,0,0,0,0
Mr. Lemoncello's Library Olympics,Chris Grabenstein,0.71,NA,0.28,0.72,0.92,0.75,0.54,288,"['childrens', 'middle grade', 'fiction', 'mystery']","['adventurous', 'mysterious', 'lighthearted']",,,1,1,0,0,1,0,0,0,0,0,0,0,0,0,0,1,0,0,1,1,0,0,0,0,0,1,0,0,0,0,0,0,0,0,0,0,0,0,0,0,0,0,0,0,0,0,0,0,0,0,0,0,0,0,0,0
My Life as an Ice Cream Sandwich,Ibi Zoboi,0.03,0.68,0.28,0.55,0.51,0.92,0.72,256,"['childrens', 'middle grade', 'fiction', 'science']",['adventurous'],,,0,1,0,0,0,0,0,0,0,0,0,0,0,0,0,1,0,0,1,1,0,0,0,0,1,0,0,0,0,0,0,0,0,0,0,0,0,0,0,0,0,0,0,0,0,0,0,0,0,0,0,0,0,0,0,0
Nevermoor: The Trials of Morrigan Crow [Large Print],Jessica Townsend          with James Madsen (Illustrator)        ,0.27,0.1,0.62,0.75,0.9500000000000001,0.64,0.51,640,"['fantasy', 'middle grade', 'fiction']",['adventurous'],,,0,1,0,0,0,0,0,0,0,0,0,0,0,0,0,0,0,0,1,1,1,0,0,0,0,0,0,0,0,0,0,0,0,0,0,0,0,0,0,0,0,0,0,0,0,0,0,0,0,0,0,0,0,0,0,0
New from Here,Kelly Yang,0.1,0.31,0.58,0.93,0.92,0.98,0.6900000000000001,368,"['contemporary', 'middle grade', 'fiction']","['challenging', 'reflective', 'emotional']",,,0,0,0,1,0,1,0,0,1,0,0,0,0,0,0,0,0,0,1,1,0,0,0,0,0,0,0,0,0,1,0,0,0,0,0,0,0,0,0,0,0,0,0,0,0,0,0,0,0,0,0,0,0,0,0,0
Nic Blake and the Remarkables: The Manifestor Prophecy,Angie Thomas          with Joniece Abbott-Pratt (Narrator)        ,0.3,0.02,0.66,0.84,0.98,0.9400000000000001,0.3,NA,"['contemporary', 'middle grade', 'fiction', 'fantasy']","['adventurous', 'funny', 'mysterious']",,,0,1,0,0,1,0,0,1,0,0,0,0,0,0,0,0,0,0,1,1,1,0,0,0,0,0,0,0,0,1,0,0,0,0,0,0,0,0,0,0,0,0,0,0,0,0,0,0,0,0,0,0,0,0,0,0
Northwind,Gary Paulsen,0.19,0.64,0.16,0.68,0.75,NA,0.13,256,"['historical', 'middle grade', 'fiction']","['emotional', 'adventurous']",,,0,1,0,1,0,0,0,0,0,0,0,0,0,0,0,0,0,0,1,1,0,0,0,0,0,0,0,0,1,0,0,0,0,0,0,0,0,0,0,0,0,0,0,0,0,0,0,0,0,0,0,0,0,0,0,0
Notorious RBG Young Readers' Edition: The Life and Times of Ruth Bader Ginsburg,"Irin Carmon, Shana Knizhnik",NA,NA,NA,NA,NA,NA,NA,208,"['nonfiction', 'biography', 'middle grade']","['informative', 'inspiring']",,,0,0,0,0,0,0,1,0,0,0,0,1,0,0,1,0,0,0,1,1,0,0,0,0,0,0,0,0,0,0,0,0,1,0,0,0,0,0,0,0,0,0,0,0,0,0,0,0,0,0,0,0,0,0,0,0
Odder,Katherine Applegate,0.06,0.46,0.43,0.76,0.98,0.13,0.43,272,"['middle grade', 'fiction']","['emotional', 'hopeful']",,,0,0,1,1,0,0,0,0,0,0,0,0,0,0,0,0,0,0,1,1,0,0,0,0,0,0,0,0,0,0,0,0,0,0,0,0,0,0,0,0,0,0,0,0,0,0,0,0,0,0,0,0,0,0,0,0
On Air with Zoe Washington,Janae Marks,0.33,0.38,0.27,0.8,1,0.93,0.3,304,"['middle grade', 'fiction']",[],,,0,0,0,0,0,0,0,0,0,0,0,0,0,0,0,0,0,0,1,1,0,0,0,0,0,0,0,0,0,0,0,0,0,0,0,0,0,0,0,0,0,0,0,0,0,0,0,0,0,0,0,0,0,0,0,0
Once There Was,Kiyash Monsef,0.08,0.21,0.6900000000000001,0.77,0.72,0.9500000000000001,0.47000000000000003,416,"['fantasy', 'middle grade', 'fiction']","['adventurous', 'mysterious', 'emotional']",,,0,1,0,1,1,0,0,0,0,0,0,0,0,0,0,0,0,0,1,1,1,0,0,0,0,0,0,0,0,0,0,0,0,0,0,0,0,0,0,0,0,0,0,0,0,0,0,0,0,0,0,0,0,0,0,0
Once Upon a Tim,"Stuart Gibbs, Stacy Curtis",NA,NA,NA,NA,NA,NA,NA,160,[],"['lighthearted', 'adventurous']",,,1,1,0,0,0,0,0,0,0,0,0,0,0,0,0,0,0,0,0,0,0,0,0,0,0,0,0,0,0,0,0,0,0,0,0,0,0,0,0,0,0,0,0,0,0,0,0,0,0,0,0,0,0,0,0,0
Other Words for Home,Jasmine Warga,0.04,0.62,0.32,0.92,0.98,0.97,0.18,342,"['contemporary', 'middle grade', 'poetry', 'fiction']","['emotional', 'hopeful', 'challenging']",,,0,0,1,1,0,0,0,0,1,0,0,0,0,0,0,0,1,0,1,1,0,0,0,0,0,0,0,0,0,1,0,0,0,0,0,0,0,0,0,0,0,0,0,0,0,0,0,0,0,0,0,0,0,0,0,0
Out of My Heart,Sharon M. Draper,0.08,0.65,0.25,0.79,0.98,0.9500000000000001,0.4,342,"['contemporary', 'middle grade', 'fiction']","['inspiring', 'hopeful', 'emotional']",,,0,0,1,1,0,0,0,0,0,0,0,1,0,0,0,0,0,0,1,1,0,0,0,0,0,0,0,0,0,1,0,0,0,0,0,0,0,0,0,0,0,0,0,0,0,0,0,0,0,0,0,0,0,0,0,0
Out of Wonder: Poems Celebrating Poets,"Chris Colderley, Kwame Alexander          with Ekua Holmes (Illustrator)        ",NA,NA,NA,NA,NA,NA,NA,56,"['nonfiction', 'childrens', 'poetry']","['reflective', 'lighthearted']",,,1,0,0,0,0,1,0,0,0,0,0,0,0,0,1,1,1,0,0,1,0,0,0,0,0,0,0,0,0,0,0,0,0,0,0,0,0,0,0,0,0,0,0,0,0,0,0,0,0,0,0,0,0,0,0,0
Patina,Jason Reynolds,0.04,0.65,0.29,0.96,0.98,0.96,0.54,240,"['sports', 'middle grade', 'young adult', 'fiction']",['emotional'],,,0,0,0,1,0,0,0,0,0,0,0,0,0,0,0,0,0,0,1,1,0,1,0,0,0,0,0,0,0,0,1,0,0,0,0,0,0,0,0,0,0,0,0,0,0,0,0,0,0,0,0,0,0,0,0,0
Pax,"Sara Pennypacker          with Jon Klassen (Illustrator), Jon Klassen (Illustrator)        ",0.09,0.48,0.41000000000000003,0.8300000000000001,0.88,0.3,0.47000000000000003,288,"['childrens', 'fiction']","['emotional', 'sad', 'adventurous']",,,0,1,0,1,0,0,0,0,0,0,0,0,1,0,0,1,0,0,0,1,0,0,0,0,0,0,0,0,0,0,0,0,0,0,0,0,0,0,0,0,0,0,0,0,0,0,0,0,0,0,0,0,0,0,0,0
Pax,"Sara Pennypacker          with Jon Klassen (Illustrator), Jon Klassen (Illustrator)        ",0.09,0.48,0.41000000000000003,0.8300000000000001,0.88,0.3,0.47000000000000003,288,"['childrens', 'fiction']","['emotional', 'sad', 'adventurous']",,,0,1,0,1,0,0,0,0,0,0,0,0,1,0,0,1,0,0,0,1,0,0,0,0,0,0,0,0,0,0,0,0,0,0,0,0,0,0,0,0,0,0,0,0,0,0,0,0,0,0,0,0,0,0,0,0
"Pax, Journey Home",Sara Pennypacker          with Jon Klassen (Illustrator)        ,0.03,0.72,0.23,0.98,0.91,0.21,0.77,256,"['middle grade', 'fiction']","['adventurous', 'reflective', 'emotional']",,,0,1,0,1,0,1,0,0,0,0,0,0,0,0,0,0,0,0,1,1,0,0,0,0,0,0,0,0,0,0,0,0,0,0,0,0,0,0,0,0,0,0,0,0,0,0,0,0,0,0,0,0,0,0,0,0
Percy Jackson's Greek Heroes,Rick Riordan          with John Rocco,0.35000000000000003,0.29,0.23,0.19,0.4,0.41000000000000003,0.68,404,"['fantasy', 'middle grade', 'fiction']",['adventurous'],,,0,1,0,0,0,0,0,0,0,0,0,0,0,0,0,0,0,0,1,1,1,0,0,0,0,0,0,0,0,0,0,0,0,0,0,0,0,0,0,0,0,0,0,0,0,0,0,0,0,0,0,0,0,0,0,0
Pony,R.J. Palacio,0.15,0.13,0.71,0.84,0.89,0.29,0.2,304,"['middle grade', 'fiction']","['adventurous', 'emotional']",,,0,1,0,1,0,0,0,0,0,0,0,0,0,0,0,0,0,0,1,1,0,0,0,0,0,0,0,0,0,0,0,0,0,0,0,0,0,0,0,0,0,0,0,0,0,0,0,0,0,0,0,0,0,0,0,0
Popularmmos Presents Enter the Mine,Popularmmos          with Dani Jones (Illustrator)        ,NA,NA,1,NA,1,NA,NA,208,"['childrens', 'comics', 'fantasy', 'graphic novel', 'fiction']","['adventurous', 'reflective']",,,0,1,0,0,0,1,0,0,0,0,0,0,0,0,0,1,0,0,0,1,1,0,0,0,0,0,0,0,0,0,0,0,0,0,0,0,0,0,0,0,0,0,0,0,0,1,1,0,0,0,0,0,0,0,0,0
PopularMMOs Presents: A Hole New World,Popularmmos          with Dani Jones (Illustrator)        ,NA,1,NA,1,1,NA,1,208,"['childrens', 'comics', 'fantasy', 'graphic novel', 'fiction']",['adventurous'],,,0,1,0,0,0,0,0,0,0,0,0,0,0,0,0,1,0,0,0,1,1,0,0,0,0,0,0,0,0,0,0,0,0,0,0,0,0,0,0,0,0,0,0,0,0,1,1,0,0,0,0,0,0,0,0,0
Pottymouth and Stoopid,James Patterson          with Stephen Gilpin (Illustrator)        ,NA,NA,1,1,1,1,1,336,"['childrens', 'middle grade', 'fiction']",['funny'],,,0,0,0,0,0,0,0,1,0,0,0,0,0,0,0,1,0,0,1,1,0,0,0,0,0,0,0,0,0,0,0,0,0,0,0,0,0,0,0,0,0,0,0,0,0,0,0,0,0,0,0,0,0,0,0,0
"Project Middle School (Alyssa Milano's Hope #1), Volume 1","Alyssa Milano, Debbie Rigaud          with Eric S. Keyes (Illustrator)        ",NA,NA,NA,NA,NA,NA,NA,208,"['childrens', 'education', 'fiction']",[],,,0,0,0,0,0,0,0,0,0,0,0,0,0,0,0,1,0,0,0,1,0,0,0,0,0,0,0,0,0,0,0,0,0,0,0,0,0,0,0,0,0,0,0,0,0,0,0,0,0,1,0,0,0,0,0,0
Quest for Planet X,Tessa Gratton,0.2,0.2,0.6,0.93,0.96,1,0.42,278,"['fantasy', 'science fiction', 'middle grade', 'fiction']","['hopeful', 'lighthearted', 'adventurous']",,,1,1,1,0,0,0,0,0,0,0,0,0,0,0,0,0,0,1,1,1,1,0,0,0,1,0,0,0,0,0,0,0,0,0,0,0,0,0,0,0,0,0,0,0,0,0,0,0,0,0,0,0,0,0,0,0
Quiet Power: The Secret Strengths of Introverts,"Gregory Mone, Susan Cain, Erica Moroz",NA,NA,NA,NA,NA,NA,NA,288,"['nonfiction', 'self help', 'psychology']","['informative', 'lighthearted', 'reflective']",,,1,0,0,0,0,1,1,0,0,0,0,0,0,0,1,0,0,0,0,1,0,0,0,0,0,0,0,0,0,0,0,0,0,0,0,0,0,1,0,0,0,0,0,0,0,0,0,0,0,0,1,0,0,0,0,0
Race to the Sun,Rebecca Roanhorse,0.35000000000000003,0.12,0.52,0.8200000000000001,0.89,0.9500000000000001,0.67,302,"['fantasy', 'middle grade', 'fiction']","['mysterious', 'adventurous']",,,0,1,0,0,1,0,0,0,0,0,0,0,0,0,0,0,0,0,1,1,1,0,0,0,0,0,0,0,0,0,0,0,0,0,0,0,0,0,0,0,0,0,0,0,0,0,0,0,0,0,0,0,0,0,0,0
"Rad American Women A-Z: Rebels, Trailblazers, and Visionaries Who Shaped Our History . . . and Our Future!",Kate Schatz          with Miriam Klein Stahl (Illustrator)        ,NA,NA,NA,NA,NA,NA,NA,64,"['childrens', 'feminism', 'history', 'nonfiction', 'biography', 'middle grade']","['inspiring', 'informative']",,,0,0,0,0,0,0,1,0,0,0,0,1,0,0,1,1,0,0,1,1,0,0,0,0,0,0,0,0,0,0,0,0,1,0,0,0,0,0,0,0,1,0,0,1,0,0,0,0,0,0,0,0,0,0,0,0
"Rad Women Worldwide: Artists and Athletes, Pirates and Punks, and Other Revolutionaries Who Shaped History","Miriam Klein Stahl, Kate Schatz, Elia Maqueda",NA,NA,NA,NA,NA,NA,NA,112,"['nonfiction', 'biography', 'feminism', 'history']","['informative', 'inspiring']",,,0,0,0,0,0,0,1,0,0,0,0,1,0,0,1,0,0,0,0,1,0,0,0,0,0,0,0,0,0,0,0,0,1,0,0,0,0,0,0,0,1,0,0,1,0,0,0,0,0,0,0,0,0,0,0,0
Raymie Nightingale,Kate DiCamillo,0.19,0.61,0.19,0.9,0.97,0.18,0.51,272,"['middle grade', 'historical', 'fiction']","['funny', 'hopeful', 'emotional']",,,0,0,1,1,0,0,0,1,0,0,0,0,0,0,0,0,0,0,1,1,0,0,0,0,0,0,0,0,1,0,0,0,0,0,0,0,0,0,0,0,0,0,0,0,0,0,0,0,0,0,0,0,0,0,0,0
Rebound,Kwame Alexander,0.04,0.56,0.4,0.88,0.96,0.91,0.63,416,"['sports', 'poetry', 'middle grade', 'fiction']","['emotional', 'reflective']",,,0,0,0,1,0,1,0,0,0,0,0,0,0,0,0,0,1,0,1,1,0,0,0,0,0,0,0,0,0,0,1,0,0,0,0,0,0,0,0,0,0,0,0,0,0,0,0,0,0,0,0,0,0,0,0,0
Red: The True Story of Red Riding Hood,Liesl Shurtliff,0.14,0.28,0.5700000000000001,1,0.85,0.16,0.8300000000000001,256,"['fantasy', 'middle grade', 'fiction']",['adventurous'],,,0,1,0,0,0,0,0,0,0,0,0,0,0,0,0,0,0,0,1,1,1,0,0,0,0,0,0,0,0,0,0,0,0,0,0,0,0,0,0,0,0,0,0,0,0,0,0,0,0,0,0,0,0,0,0,0
Refugee,Alan Gratz,0.32,0.16,0.52,0.67,0.8200000000000001,0.96,0.13,446,"['middle grade', 'historical', 'fiction', 'young adult']","['sad', 'emotional']",,,0,0,0,1,0,0,0,0,0,0,0,0,1,0,0,0,0,0,1,1,0,1,0,0,0,0,0,0,1,0,0,0,0,0,0,0,0,0,0,0,0,0,0,0,0,0,0,0,0,0,0,0,0,0,0,0
"Return to the Isle of the Lost (a Descendants Novel, Book 2): A Descendants Novel",Melissa de la Cruz,0.37,0.04,0.54,0.6,0.91,0.52,0.68,320,"['fantasy', 'middle grade', 'fiction', 'young adult']",['lighthearted'],,,1,0,0,0,0,0,0,0,0,0,0,0,0,0,0,0,0,0,1,1,1,1,0,0,0,0,0,0,0,0,0,0,0,0,0,0,0,0,0,0,0,0,0,0,0,0,0,0,0,0,0,0,0,0,0,0
Rise of the Wolf,Jennifer A. Nielsen,0.25,0.25,0.5,0.33,1,0.5,0.33,352,"['fantasy', 'historical', 'young adult', 'fiction']",['adventurous'],,,0,1,0,0,0,0,0,0,0,0,0,0,0,0,0,0,0,0,0,1,1,1,0,0,0,0,0,0,1,0,0,0,0,0,0,0,0,0,0,0,0,0,0,0,0,0,0,0,0,0,0,0,0,0,0,0
Rise of the Wolf,Jennifer A. Nielsen,0.25,0.25,0.5,0.33,1,0.5,0.33,352,"['fantasy', 'historical', 'young adult', 'fiction']",['adventurous'],,,0,1,0,0,0,0,0,0,0,0,0,0,0,0,0,0,0,0,0,1,1,1,0,0,0,0,0,0,1,0,0,0,0,0,0,0,0,0,0,0,0,0,0,0,0,0,0,0,0,0,0,0,0,0,0,0
River,Erin Hunter,0.11,0.18,0.7000000000000001,0.22,0.59,0.29,0.62,352,"['fantasy', 'fiction']","['mysterious', 'adventurous', 'dark']",,,0,1,0,0,1,0,0,0,0,0,1,0,0,0,0,0,0,0,0,1,1,0,0,0,0,0,0,0,0,0,0,0,0,0,0,0,0,0,0,0,0,0,0,0,0,0,0,0,0,0,0,0,0,0,0,0
Robots Go Wild!,James Patterson,NA,NA,NA,NA,NA,NA,NA,336,"['childrens', 'science fiction', 'fiction']",['lighthearted'],,,1,0,0,0,0,0,0,0,0,0,0,0,0,0,0,1,0,1,0,1,0,0,0,0,1,0,0,0,0,0,0,0,0,0,0,0,0,0,0,0,0,0,0,0,0,0,0,0,0,0,0,0,0,0,0,0
Ronan Boyle and the Bridge of Riddles,Thomas Lennon          with John Hendrix (Illustrator)        ,0.5,NA,0.5,0.5,1,0.75,0.4,304,"['fantasy', 'middle grade', 'fiction']",['adventurous'],,,0,1,0,0,0,0,0,0,0,0,0,0,0,0,0,0,0,0,1,1,1,0,0,0,0,0,0,0,0,0,0,0,0,0,0,0,0,0,0,0,0,0,0,0,0,0,0,0,0,0,0,0,0,0,0,0
Rosie Revere and the Raucous Riveters,Andrea Beaty          with David Roberts (Illustrator)        ,0.2,0.2,0.6,0.75,1,0.6,0.5,144,"['childrens', 'middle grade', 'fiction']","['informative', 'lighthearted']",,,1,0,0,0,0,0,1,0,0,0,0,0,0,0,0,1,0,0,1,1,0,0,0,0,0,0,0,0,0,0,0,0,0,0,0,0,0,0,0,0,0,0,0,0,0,0,0,0,0,0,0,0,0,0,0,0
Rowley Jefferson's Awesome Friendly Adventure,Jeff Kinney,0.3,0.2,0.5,0.41000000000000003,0.63,0.27,0.45,224,"['middle grade', 'fiction']","['adventurous', 'funny', 'lighthearted']",,,1,1,0,0,0,0,0,1,0,0,0,0,0,0,0,0,0,0,1,1,0,0,0,0,0,0,0,0,0,0,0,0,0,0,0,0,0,0,0,0,0,0,0,0,0,0,0,0,0,0,0,0,0,0,0,0
"Rumple Buttercup: A Story of Bananas, Belonging, and Being Yourself",Matthew Gray Gubler,0.04,0.81,0.12,0.87,1,0.6,0.73,136,"['childrens', 'fiction']","['funny', 'lighthearted']",,,1,0,0,0,0,0,0,1,0,0,0,0,0,0,0,1,0,0,0,1,0,0,0,0,0,0,0,0,0,0,0,0,0,0,0,0,0,0,0,0,0,0,0,0,0,0,0,0,0,0,0,0,0,0,0,0
Search for Treasure,"Angela May, Mary Alice Monroe",NA,NA,NA,NA,NA,NA,NA,272,"['middle grade', 'fiction']","['adventurous', 'mysterious', 'emotional']",,,0,1,0,1,1,0,0,0,0,0,0,0,0,0,0,0,0,0,1,1,0,0,0,0,0,0,0,0,0,0,0,0,0,0,0,0,0,0,0,0,0,0,0,0,0,0,0,0,0,0,0,0,0,0,0,0
Serafina and the Black Cloak,Robert Beatty,0.3,0.09,0.5700000000000001,0.77,0.9,0.21,0.28,304,"['fantasy', 'middle grade', 'fiction', 'mystery']","['adventurous', 'mysterious', 'dark']",,,0,1,0,0,1,0,0,0,0,0,1,0,0,0,0,0,0,0,1,1,1,0,0,0,0,1,0,0,0,0,0,0,0,0,0,0,0,0,0,0,0,0,0,0,0,0,0,0,0,0,0,0,0,0,0,0
Serafina and the Twisted Staff (the Serafina Series Book 2),Robert Beatty,0.66,NA,0.33,0.84,1,0.09,0.41000000000000003,384,"['fantasy', 'middle grade', 'fiction', 'mystery']","['adventurous', 'mysterious']",,,0,1,0,0,1,0,0,0,0,0,0,0,0,0,0,0,0,0,1,1,1,0,0,0,0,1,0,0,0,0,0,0,0,0,0,0,0,0,0,0,0,0,0,0,0,0,0,0,0,0,0,0,0,0,0,0
Short,Holly Goldberg Sloan,NA,0.5700000000000001,0.42,0.85,0.42,1,0.66,304,"['middle grade', 'fiction']","['lighthearted', 'funny']",,,1,0,0,0,0,0,0,1,0,0,0,0,0,0,0,0,0,0,1,1,0,0,0,0,0,0,0,0,0,0,0,0,0,0,0,0,0,0,0,0,0,0,0,0,0,0,0,0,0,0,0,0,0,0,0,0
Shouting at the Rain,Lynda Mullaly Hunt,NA,0.78,0.21,1,0.8,0.27,0.7000000000000001,288,"['middle grade', 'fiction']","['emotional', 'hopeful']",,,0,0,1,1,0,0,0,0,0,0,0,0,0,0,0,0,0,0,1,1,0,0,0,0,0,0,0,0,0,0,0,0,0,0,0,0,0,0,0,0,0,0,0,0,0,0,0,0,0,0,0,0,0,0,0,0
Skandar and the Phantom Rider,A.F. Steadman,NA,0.25,0.75,1,1,0.92,0.36,368,"['fantasy', 'middle grade', 'fiction']","['adventurous', 'dark']",,,0,1,0,0,0,0,0,0,0,0,1,0,0,0,0,0,0,0,1,1,1,0,0,0,0,0,0,0,0,0,0,0,0,0,0,0,0,0,0,0,0,0,0,0,0,0,0,0,0,0,0,0,0,0,0,0
Skandar and the Unicorn Thief,A.F. Steadman,0.28,0.08,0.62,0.78,0.84,0.66,0.38,368,"['fantasy', 'middle grade', 'fiction']",['adventurous'],,,0,1,0,0,0,0,0,0,0,0,0,0,0,0,0,0,0,0,1,1,1,0,0,0,0,0,0,0,0,0,0,0,0,0,0,0,0,0,0,0,0,0,0,0,0,0,0,0,0,0,0,0,0,0,0,0
Snow & Rose,Emily Winfield Martin,0.24,0.28,0.45,0.53,0.91,0.17,0.17,NA,"['fantasy', 'middle grade', 'fiction']","['mysterious', 'adventurous']",,,0,1,0,0,1,0,0,0,0,0,0,0,0,0,0,0,0,0,1,1,1,0,0,0,0,0,0,0,0,0,0,0,0,0,0,0,0,0,0,0,0,0,0,0,0,0,0,0,0,0,0,0,0,0,0,0
Some Writer!: The Story of E. B. White,Melissa Sweet,NA,NA,NA,NA,NA,NA,NA,176,"['nonfiction', 'childrens', 'biography']","['inspiring', 'informative', 'lighthearted']",,,1,0,0,0,0,0,1,0,0,0,0,1,0,0,1,1,0,0,0,1,0,0,0,0,0,0,0,0,0,0,0,0,1,0,0,0,0,0,0,0,0,0,0,0,0,0,0,0,0,0,0,0,0,0,0,0
Spaced Out,Stuart Gibbs,0.8300000000000001,0.16,NA,0.4,1,0.8,NA,352,"['science fiction', 'mystery', 'middle grade', 'fiction']","['mysterious', 'adventurous']",,,0,1,0,0,1,0,0,0,0,0,0,0,0,0,0,0,0,1,1,1,0,0,0,0,1,1,0,0,0,0,0,0,0,0,0,0,0,0,0,0,0,0,0,0,0,0,0,0,0,0,0,0,0,0,0,0
Spaced Out,Stuart Gibbs,0.8300000000000001,0.16,NA,0.4,1,0.8,NA,352,"['science fiction', 'mystery', 'middle grade', 'fiction']","['mysterious', 'adventurous']",,,0,1,0,0,1,0,0,0,0,0,0,0,0,0,0,0,0,1,1,1,0,0,0,0,1,1,0,0,0,0,0,0,0,0,0,0,0,0,0,0,0,0,0,0,0,0,0,0,0,0,0,0,0,0,0,0
Squirm,Carl Hiaasen,0.41000000000000003,0.16,0.41000000000000003,0.36,0.75,0.58,0.33,288,"['middle grade', 'young adult', 'fiction']","['adventurous', 'funny']",,,0,1,0,0,0,0,0,1,0,0,0,0,0,0,0,0,0,0,1,1,0,1,0,0,0,0,0,0,0,0,0,0,0,0,0,0,0,0,0,0,0,0,0,0,0,0,0,0,0,0,0,0,0,0,0,0
"Stamped (For Kids): Racism, Antiracism, and You","Jason Reynolds          with Ibram X. Kendi, Rachelle Baker, Sonja Cherry-Paul",NA,NA,NA,NA,NA,NA,NA,NA,"['nonfiction', 'childrens', 'history', 'race']","['informative', 'challenging', 'reflective']",,,0,0,0,0,0,1,1,0,1,0,0,0,0,0,1,1,0,0,0,1,0,0,0,0,0,0,0,0,0,0,0,0,0,0,0,0,0,0,1,0,1,0,0,0,0,0,0,0,0,0,0,0,0,0,0,0
Star Wars The High Republic: Race to Crashpoint Tower,Daniel José Older,NA,NA,NA,NA,NA,NA,NA,NA,[],[],,,0,0,0,0,0,0,0,0,0,0,0,0,0,0,0,0,0,0,0,0,0,0,0,0,0,0,0,0,0,0,0,0,0,0,0,0,0,0,0,0,0,0,0,0,0,0,0,0,0,0,0,0,0,0,0,0
Star Wars: Before the Awakening,Greg Rucka,0.15,0.46,0.38,0.42,0.78,0.85,0.46,224,"['science fiction', 'young adult', 'fiction']","['adventurous', 'tense']",,,0,1,0,0,0,0,0,0,0,1,0,0,0,0,0,0,0,1,0,1,0,1,0,0,1,0,0,0,0,0,0,0,0,0,0,0,0,0,0,0,0,0,0,0,0,0,0,0,0,0,0,0,0,0,0,0
"Star Wars: Journey to Star Wars: The Force Awakens: Shattered Empire
          Star Wars: Captain Phasma #1-4",          with Marco Chechetto (Illustrator)        ,0.5,0.12,0.37,0.25,0.75,0.5,NA,136,"['science fiction', 'graphic novel', 'fiction', 'science']",['adventurous'],,,0,1,0,0,0,0,0,0,0,0,0,0,0,0,0,0,0,1,0,1,0,0,0,0,1,0,0,0,0,0,0,0,0,0,0,0,0,0,0,0,0,0,0,0,0,1,0,0,0,0,0,0,0,0,0,0
Star Wars: The High Republic: A Test of Courage,Justina Ireland          with Keylor Leigh (Narrator)        ,0.16,0.33,0.5,0.8300000000000001,0.8300000000000001,0.8300000000000001,0.66,NA,"['science fiction', 'fiction']",['adventurous'],,,0,1,0,0,0,0,0,0,0,0,0,0,0,0,0,0,0,1,0,1,0,0,0,0,1,0,0,0,0,0,0,0,0,0,0,0,0,0,0,0,0,0,0,0,0,0,0,0,0,0,0,0,0,0,0,0
Start Now!: You Can Make a Difference,Chelsea Clinton,NA,NA,NA,NA,NA,NA,NA,144,"['nonfiction', 'middle grade', 'childrens']","['inspiring', 'informative', 'lighthearted']",,,1,0,0,0,0,0,1,0,0,0,0,1,0,0,1,1,0,0,1,1,0,0,0,0,0,0,0,0,0,0,0,0,0,0,0,0,0,0,0,0,0,0,0,0,0,0,0,0,0,0,0,0,0,0,0,0
Stories for Boys Who Dare to Be Different: True Tales of Amazing Boys Who Changed the World Without Killing Dragons,Ben Brooks          with Quinton Wintor (Illustrator)        ,NA,NA,NA,NA,NA,NA,NA,160,"['nonfiction', 'history', 'childrens']","['informative', 'reflective']",,,0,0,0,0,0,1,1,0,0,0,0,0,0,0,1,1,0,0,0,1,0,0,0,0,0,0,0,0,0,0,0,0,0,0,0,0,0,0,0,0,1,0,0,0,0,0,0,0,0,0,0,0,0,0,0,0
"Stuntboy, in the Meantime",Jason Reynolds          with Raúl The Third (Illustrator)        ,0.11,0.58,0.3,0.75,0.96,0.98,0.5700000000000001,256,"['middle grade', 'fiction']","['adventurous', 'lighthearted']",,,1,1,0,0,0,0,0,0,0,0,0,0,0,0,0,0,0,0,1,1,0,0,0,0,0,0,0,0,0,0,0,0,0,0,0,0,0,0,0,0,0,0,0,0,0,0,0,0,0,0,0,0,0,0,0,0
Super Good Baking for Kids,Duff Goldman,NA,NA,NA,NA,NA,NA,NA,208,[],"['informative', 'lighthearted']",,,1,0,0,0,0,0,1,0,0,0,0,0,0,0,0,0,0,0,0,0,0,0,0,0,0,0,0,0,0,0,0,0,0,0,0,0,0,0,0,0,0,0,0,0,0,0,0,0,0,0,0,0,0,0,0,0
"Superpowered: Transform Anxiety Into Courage, Confidence, and Resilience","Renee Jain, Shefali Tsabary",NA,NA,NA,NA,NA,NA,NA,336,"['nonfiction', 'self help', 'psychology']","['inspiring', 'informative', 'hopeful']",,,0,0,1,0,0,0,1,0,0,0,0,1,0,0,1,0,0,0,0,1,0,0,0,0,0,0,0,0,0,0,0,0,0,0,0,0,0,1,0,0,0,0,0,0,0,0,0,0,0,0,1,0,0,0,0,0
Survivors Club: The True Story of a Very Young Prisoner of Auschwitz,"Debbie Bornstein Holinstat, Michael Bornstein",NA,NA,NA,NA,NA,NA,NA,352,"['nonfiction', 'history', 'memoir']","['emotional', 'hopeful', 'sad']",,,0,0,1,1,0,0,0,0,0,0,0,0,1,0,1,0,0,0,0,1,0,0,0,0,0,0,0,0,0,0,0,0,0,1,0,0,0,0,0,0,1,0,0,0,0,0,0,0,0,0,0,0,0,0,0,0
The Answer,"Rebecca Sugar          with Tiffany Ford, Elle Michalka",NA,NA,NA,NA,NA,NA,NA,32,[],[],,,0,0,0,0,0,0,0,0,0,0,0,0,0,0,0,0,0,0,0,0,0,0,0,0,0,0,0,0,0,0,0,0,0,0,0,0,0,0,0,0,0,0,0,0,0,0,0,0,0,0,0,0,0,0,0,0
The Atlas Obscura Explorer's Guide for the World's Most Adventurous Kid,"Dylan Thuras, Rosemary Mosco          with Joy Ang (Illustrator)        ",NA,NA,NA,NA,NA,NA,NA,112,"['nonfiction', 'travel', 'childrens', 'history']",['adventurous'],,,0,1,0,0,0,0,0,0,0,0,0,0,0,0,1,1,0,0,0,1,0,0,0,0,0,0,0,0,0,0,0,0,0,0,0,0,0,0,0,0,1,0,0,0,0,0,0,0,0,0,0,1,0,0,0,0
The Beatryce Prophecy,Kate DiCamillo          with Sophie Blackall (Illustrator)        ,0.18,0.2,0.61,0.68,0.98,0.26,0.15,256,"['childrens', 'historical', 'fantasy', 'middle grade', 'fiction']","['adventurous', 'mysterious', 'dark']",,,0,1,0,0,1,0,0,0,0,0,1,0,0,0,0,1,0,0,1,1,1,0,0,0,0,0,0,0,1,0,0,0,0,0,0,0,0,0,0,0,0,0,0,0,0,0,0,0,0,0,0,0,0,0,0,0
The Beloved World of Sonia Sotomayor,Sonia Sotomayor          with Jaina Lee Ortiz,NA,NA,NA,NA,NA,NA,NA,NA,"['nonfiction', 'biography', 'middle grade', 'memoir']","['informative', 'hopeful', 'inspiring']",,,0,0,1,0,0,0,1,0,0,0,0,1,0,0,1,0,0,0,1,1,0,0,0,0,0,0,0,0,0,0,0,0,1,1,0,0,0,0,0,0,0,0,0,0,0,0,0,0,0,0,0,0,0,0,0,0
The Best Bear in All the World,"Jeanne Willis, Kate Saunders, Brian Sibley",0.14,0.5700000000000001,0.28,NA,1,0.16,NA,128,"['classics', 'childrens', 'fiction']",['lighthearted'],,,1,0,0,0,0,0,0,0,0,0,0,0,0,0,0,1,0,0,0,1,0,0,0,0,0,0,0,0,0,0,0,0,0,0,0,0,0,0,0,0,0,0,0,0,1,0,0,0,0,0,0,0,0,0,0,0
The Boys in the Boat: Nine Americans and Their Epic Quest for Gold at the 1936 Berlin Olympics,Daniel James Brown,NA,NA,NA,NA,NA,NA,NA,404,"['nonfiction', 'sports', 'history', 'biography']","['inspiring', 'informative', 'emotional']",,,0,0,0,1,0,0,1,0,0,0,0,1,0,0,1,0,0,0,0,1,0,0,0,0,0,0,0,0,0,0,1,0,1,0,0,0,0,0,0,0,1,0,0,0,0,0,0,0,0,0,0,0,0,0,0,0
The Candymakers and the Great Chocolate Chase,Wendy Mass,0.12,0.12,0.75,0.87,1,0.5,0.5,544,"['mystery', 'childrens', 'middle grade', 'fiction']",['mysterious'],,,0,0,0,0,1,0,0,0,0,0,0,0,0,0,0,1,0,0,1,1,0,0,0,0,0,1,0,0,0,0,0,0,0,0,0,0,0,0,0,0,0,0,0,0,0,0,0,0,0,0,0,0,0,0,0,0
The Christmas Pig,J.K. Rowling          with Jim Field (Illustrator)        ,0.3,0.13,0.56,0.81,0.93,0.41000000000000003,0.34,288,"['childrens', 'middle grade', 'fiction']","['adventurous', 'emotional']",,,0,1,0,1,0,0,0,0,0,0,0,0,0,0,0,1,0,0,1,1,0,0,0,0,0,0,0,0,0,0,0,0,0,0,0,0,0,0,0,0,0,0,0,0,0,0,0,0,0,0,0,0,0,0,0,0
"The Complete Baking Book for Young Chefs: 100+ Sweet and Savory Recipes That You'll Love to Bake, Share and Eat!",America's Test Kitchen Kids,NA,NA,NA,NA,NA,NA,NA,224,"['nonfiction', 'childrens']","['inspiring', 'informative', 'lighthearted']",,,1,0,0,0,0,0,1,0,0,0,0,1,0,0,1,1,0,0,0,1,0,0,0,0,0,0,0,0,0,0,0,0,0,0,0,0,0,0,0,0,0,0,0,0,0,0,0,0,0,0,0,0,0,0,0,0
The Complete Cookbook for Young Chefs: 100+ Recipes That You'll Love to Cook and Eat,America's Test Kitchen Kids,NA,NA,NA,NA,NA,NA,NA,208,"['nonfiction', 'food and drink', 'childrens']","['informative', 'lighthearted']",,,1,0,0,0,0,0,1,0,0,0,0,0,0,0,1,1,0,0,0,1,0,0,0,0,0,0,0,0,0,0,0,0,0,0,0,0,0,0,0,0,0,0,1,0,0,0,0,0,0,0,0,0,0,0,0,0
"The Confidence Code for Girls: Taking Risks, Messing Up, and Becoming Your Amazingly Imperfect, Totally Powerful Self","Claire Shipman, Katty Kay",NA,NA,NA,NA,NA,NA,NA,NA,"['nonfiction', 'self help', 'childrens']","['inspiring', 'informative', 'lighthearted']",,,1,0,0,0,0,0,1,0,0,0,0,1,0,0,1,1,0,0,0,1,0,0,0,0,0,0,0,0,0,0,0,0,0,0,0,0,0,1,0,0,0,0,0,0,0,0,0,0,0,0,0,0,0,0,0,0
The Copper Gauntlet,"Holly Black, Cassandra Clare",0.26,0.11,0.62,0.72,0.92,0.64,0.73,272,"['fantasy', 'middle grade', 'fiction']",['adventurous'],,,0,1,0,0,0,0,0,0,0,0,0,0,0,0,0,0,0,0,1,1,1,0,0,0,0,0,0,0,0,0,0,0,0,0,0,0,0,0,0,0,0,0,0,0,0,0,0,0,0,0,0,0,0,0,0,0
The Creature of the Pines,Adam Gidwitz          with Hatem Aly (Illustrator)        ,0.77,NA,0.22,0.55,1,1,NA,192,"['fantasy', 'middle grade', 'fiction']","['adventurous', 'lighthearted']",,,1,1,0,0,0,0,0,0,0,0,0,0,0,0,0,0,0,0,1,1,1,0,0,0,0,0,0,0,0,0,0,0,0,0,0,0,0,0,0,0,0,0,0,0,0,0,0,0,0,0,0,0,0,0,0,0
The Crossover,Kwame Alexander,0.02,0.61,0.34,0.8200000000000001,0.87,0.84,0.67,240,"['fiction', 'poetry', 'young adult', 'sports']","['hopeful', 'emotional']",,,0,0,1,1,0,0,0,0,0,0,0,0,0,0,0,0,1,0,0,1,0,1,0,0,0,0,0,0,0,0,1,0,0,0,0,0,0,0,0,0,0,0,0,0,0,0,0,0,0,0,0,0,0,0,0,0
The Cursed Carnival and Other Calamities,"Rick Riordan          with J.C. Cervantes (Contributor), Sarwat Chadda (Contributor), Kwame Mbalia (Contributor), Rebecca Roanhorse (Contributor), Graci Kim (Contributor), Roshani Chokshi (Contributor), Yoon Ha Lee (Contributor), Carlos Hernandez (Contributor), Tehlor Kay Mejia (Contributor)        ",0.21,0.1,0.5700000000000001,0.26,0.73,0.9400000000000001,0.27,496,"['fantasy', 'middle grade', 'fiction', 'short stories']","['adventurous', 'emotional']",,,0,1,0,1,0,0,0,0,0,0,0,0,0,0,0,0,0,0,1,1,1,0,0,0,0,0,0,0,0,0,0,1,0,0,0,0,0,0,0,0,0,0,0,0,0,0,0,0,0,0,0,0,0,0,0,0
The Dark Prophecy,Rick Riordan,0.28,0.08,0.62,0.79,0.86,0.88,0.8300000000000001,432,"['fantasy', 'middle grade', 'fiction']",['adventurous'],,,0,1,0,0,0,0,0,0,0,0,0,0,0,0,0,0,0,0,1,1,1,0,0,0,0,0,0,0,0,0,0,0,0,0,0,0,0,0,0,0,0,0,0,0,0,0,0,0,0,0,0,0,0,0,0,0
"The Day the President Was Shot: The Secret Service, the Fbi, a Would-Be Killer, and the Attempted Assassination of Ronald Reagan",Bill O'Reilly,NA,NA,NA,NA,NA,NA,NA,256,"['nonfiction', 'history', 'biography']",['informative'],,,0,0,0,0,0,0,1,0,0,0,0,0,0,0,1,0,0,0,0,1,0,0,0,0,0,0,0,0,0,0,0,0,1,0,0,0,0,0,0,0,1,0,0,0,0,0,0,0,0,0,0,0,0,0,0,0
The Door of No Return,Kwame Alexander,0.09,0.2,0.7000000000000001,0.7000000000000001,0.8300000000000001,0.88,0.13,432,"['historical', 'middle grade', 'young adult', 'fiction']","['emotional', 'adventurous']",,,0,1,0,1,0,0,0,0,0,0,0,0,0,0,0,0,0,0,1,1,0,1,0,0,0,0,0,0,1,0,0,0,0,0,0,0,0,0,0,0,0,0,0,0,0,0,0,0,0,0,0,0,0,0,0,0
The Eyes and the Impossible,Dave Eggers          with Shawn Harris (Illustrator)        ,NA,0.16,0.8300000000000001,0.8300000000000001,1,0.4,0.2,256,"['middle grade', 'fiction']","['lighthearted', 'adventurous']",,,1,1,0,0,0,0,0,0,0,0,0,0,0,0,0,0,0,0,1,1,0,0,0,0,0,0,0,0,0,0,0,0,0,0,0,0,0,0,0,0,0,0,0,0,0,0,0,0,0,0,0,0,0,0,0,0
The Fierce 44: Black Americans Who Shook Up the World,The Staff of The Undefeated          with Robert Ball (Illustrator)        ,NA,NA,NA,NA,NA,NA,NA,96,"['nonfiction', 'biography', 'middle grade', 'history']","['informative', 'reflective']",,,0,0,0,0,0,1,1,0,0,0,0,0,0,0,1,0,0,0,1,1,0,0,0,0,0,0,0,0,0,0,0,0,1,0,0,0,0,0,0,0,1,0,0,0,0,0,0,0,0,0,0,0,0,0,0,0
The Fire Keeper,J.C. Cervantes          with Irvin Rodriguez (Illustrator)        ,0.5700000000000001,0.03,0.38,0.64,0.88,0.96,0.56,432,"['fantasy', 'middle grade', 'fiction']","['adventurous', 'mysterious']",,,0,1,0,0,1,0,0,0,0,0,0,0,0,0,0,0,0,0,1,1,1,0,0,0,0,0,0,0,0,0,0,0,0,0,0,0,0,0,0,0,0,0,0,0,0,0,0,0,0,0,0,0,0,0,0,0
The Fort,Gordon Korman,0.05,0.35000000000000003,0.55,0.85,0.89,0.4,0.5,256,"['middle grade', 'fiction']","['hopeful', 'emotional']",,,0,0,1,1,0,0,0,0,0,0,0,0,0,0,0,0,0,0,1,1,0,0,0,0,0,0,0,0,0,0,0,0,0,0,0,0,0,0,0,0,0,0,0,0,0,0,0,0,0,0,0,0,0,0,0,0
The Friendship Code,"Reshma Saujani, Stacia Deutsch, Sisi A. Johnson",NA,NA,NA,1,1,1,1,NA,"['childrens', 'middle grade', 'fiction']",['lighthearted'],,,1,0,0,0,0,0,0,0,0,0,0,0,0,0,0,1,0,0,1,1,0,0,0,0,0,0,0,0,0,0,0,0,0,0,0,0,0,0,0,0,0,0,0,0,0,0,0,0,0,0,0,0,0,0,0,0
The Game Master: Summer Schooled,"Matt Zamolo, Rebecca Zamolo",1,NA,NA,NA,NA,NA,NA,167,"['fantasy', 'middle grade', 'fiction']",[],,,0,0,0,0,0,0,0,0,0,0,0,0,0,0,0,0,0,0,1,1,1,0,0,0,0,0,0,0,0,0,0,0,0,0,0,0,0,0,0,0,0,0,0,0,0,0,0,0,0,0,0,0,0,0,0,0
The Game of Stars,Sayantani DasGupta,0.5700000000000001,NA,0.42,0.37,0.77,0.9,0.16,10,"['fantasy', 'middle grade', 'fiction']","['lighthearted', 'adventurous']",,,1,1,0,0,0,0,0,0,0,0,0,0,0,0,0,0,0,0,1,1,1,0,0,0,0,0,0,0,0,0,0,0,0,0,0,0,0,0,0,0,0,0,0,0,0,0,0,0,0,0,0,0,0,0,0,0
The Girl Who Drank the Moon,Kelly Barnhill,0.14,0.24,0.61,0.81,0.92,0.58,0.46,388,"['fantasy', 'middle grade', 'fiction']","['adventurous', 'hopeful', 'emotional']",,,0,1,1,1,0,0,0,0,0,0,0,0,0,0,0,0,0,0,1,1,1,0,0,0,0,0,0,0,0,0,0,0,0,0,0,0,0,0,0,0,0,0,0,0,0,0,0,0,0,0,0,0,0,0,0,0
The Golden Frog Games,Claribel A. Ortega,0.23,0.19,0.5700000000000001,0.9500000000000001,0.9,1,0.5,352,"['fantasy', 'middle grade', 'fiction']","['mysterious', 'adventurous']",,,0,1,0,0,1,0,0,0,0,0,0,0,0,0,0,0,0,0,1,1,1,0,0,0,0,0,0,0,0,0,0,0,0,0,0,0,0,0,0,0,0,0,0,0,0,0,0,0,0,0,0,0,0,0,0,0
The Gutsy Girl: Escapades for Your Life of Epic Adventure,Caroline Paul          with Wendy Macnaughton (Illustrator)        ,NA,NA,NA,NA,NA,NA,NA,160,"['nonfiction', 'feminism', 'memoir', 'childrens']","['inspiring', 'informative']",,,0,0,0,0,0,0,1,0,0,0,0,1,0,0,1,1,0,0,0,1,0,0,0,0,0,0,0,0,0,0,0,0,0,1,0,0,0,0,0,0,0,0,0,1,0,0,0,0,0,0,0,0,0,0,0,0
The Hammer of Thor,Rick Riordan,0.34,0.05,0.59,0.76,0.96,0.98,0.4,480,"['fantasy', 'fiction', 'young adult']",['adventurous'],,,0,1,0,0,0,0,0,0,0,0,0,0,0,0,0,0,0,0,0,1,1,1,0,0,0,0,0,0,0,0,0,0,0,0,0,0,0,0,0,0,0,0,0,0,0,0,0,0,0,0,0,0,0,0,0,0
The Hidden Oracle,Rick Riordan,0.18,0.17,0.63,0.79,0.81,0.8200000000000001,0.88,320,"['fantasy', 'middle grade', 'fiction']",['adventurous'],,,0,1,0,0,0,0,0,0,0,0,0,0,0,0,0,0,0,0,1,1,1,0,0,0,0,0,0,0,0,0,0,0,0,0,0,0,0,0,0,0,0,0,0,0,0,0,0,0,0,0,0,0,0,0,0,0
The Hocus Pocus Spell Book,Eric Geron,NA,NA,NA,NA,NA,NA,NA,240,[],"['adventurous', 'mysterious', 'lighthearted']",,,1,1,0,0,1,0,0,0,0,0,0,0,0,0,0,0,0,0,0,0,0,0,0,0,0,0,0,0,0,0,0,0,0,0,0,0,0,0,0,0,0,0,0,0,0,0,0,0,0,0,0,0,0,0,0,0
The Human Kaboom,Adam Rubin,NA,NA,NA,NA,NA,NA,NA,416,"['middle grade', 'fiction', 'young adult']","['adventurous', 'reflective', 'dark']",,,0,1,0,0,0,1,0,0,0,0,1,0,0,0,0,0,0,0,1,1,0,1,0,0,0,0,0,0,0,0,0,0,0,0,0,0,0,0,0,0,0,0,0,0,0,0,0,0,0,0,0,0,0,0,0,0
The Ice Cream Machine,"Adam Rubin          with Nicole Miles (Illustrator), Seaerra Miller (Illustrator), Daniel Salmieri (Illustrator), Charles Santoso (Illustrator), Liniers (Illustrator), Emily Hughes (Illustrator)        ",0.66,NA,0.33,0.33,1,0.33,0.33,384,"['short stories', 'middle grade', 'fiction']","['adventurous', 'lighthearted']",,,1,1,0,0,0,0,0,0,0,0,0,0,0,0,0,0,0,0,1,1,0,0,0,0,0,0,0,0,0,0,0,1,0,0,0,0,0,0,0,0,0,0,0,0,0,0,0,0,0,0,0,0,0,0,0,0
The Ickabog,J.K. Rowling,0.45,0.1,0.43,0.63,0.61,0.41000000000000003,0.58,304,"['childrens', 'fantasy', 'middle grade', 'fiction']",['adventurous'],,,0,1,0,0,0,0,0,0,0,0,0,0,0,0,0,1,0,0,1,1,1,0,0,0,0,0,0,0,0,0,0,0,0,0,0,0,0,0,0,0,0,0,0,0,0,0,0,0,0,0,0,0,0,0,0,0
"The Impossible Crime (Mac B., Kid Spy #2), Volume 2",Mac Barnett          with Mike Lowery (Illustrator)        ,NA,NA,NA,NA,NA,NA,NA,160,"['childrens', 'middle grade', 'fiction', 'mystery']","['funny', 'lighthearted']",,,1,0,0,0,0,0,0,1,0,0,0,0,0,0,0,1,0,0,1,1,0,0,0,0,0,1,0,0,0,0,0,0,0,0,0,0,0,0,0,0,0,0,0,0,0,0,0,0,0,0,0,0,0,0,0,0
"The Inquisitor's Tale: Or, the Three Magical Children and Their Holy Dog",Adam Gidwitz          with Hatem Aly (Illustrator)        ,0.32,0.08,0.58,0.85,0.88,0.88,0.2,384,"['fantasy', 'historical', 'middle grade', 'fiction']",['adventurous'],,,0,1,0,0,0,0,0,0,0,0,0,0,0,0,0,0,0,0,1,1,1,0,0,0,0,0,0,0,1,0,0,0,0,0,0,0,0,0,0,0,0,0,0,0,0,0,0,0,0,0,0,0,0,0,0,0
The Islanders,Mary Alice Monroe,NA,0.5,0.5,1,1,1,0.75,304,"['nature', 'childrens', 'science', 'fiction']","['lighthearted', 'relaxing']",,,1,0,0,0,0,0,0,0,0,0,0,0,0,1,0,1,0,0,0,1,0,0,0,0,1,0,0,0,0,0,0,0,0,0,0,1,0,0,0,0,0,0,0,0,0,0,0,0,0,0,0,0,0,0,0,0
The Isle of the Lost,Melissa de la Cruz,0.12,0.32,0.51,0.7000000000000001,0.74,0.25,0.74,320,"['fantasy', 'middle grade', 'fiction', 'young adult']",['adventurous'],,,0,1,0,0,0,0,0,0,0,0,0,0,0,0,0,0,0,0,1,1,1,1,0,0,0,0,0,0,0,0,0,0,0,0,0,0,0,0,0,0,0,0,0,0,0,0,0,0,0,0,0,0,0,0,0,0
The Keeper,David Baldacci,0.56,0.06,0.37,0.55,0.56,0.27,0.18,448,"['fantasy', 'young adult', 'fiction']",['adventurous'],,,0,1,0,0,0,0,0,0,0,0,0,0,0,0,0,0,0,0,0,1,1,1,0,0,0,0,0,0,0,0,0,0,0,0,0,0,0,0,0,0,0,0,0,0,0,0,0,0,0,0,0,0,0,0,0,0
The Land of Stories: A Treasury of Classic Fairy Tales,Chris Colfer,0.5,NA,NA,NA,0.5,NA,0.5,NA,"['short stories', 'fantasy', 'fiction']","['lighthearted', 'adventurous']",,,1,1,0,0,0,0,0,0,0,0,0,0,0,0,0,0,0,0,0,1,1,0,0,0,0,0,0,0,0,0,0,1,0,0,0,0,0,0,0,0,0,0,0,0,0,0,0,0,0,0,0,0,0,0,0,0
The Last Cuentista,Donna Barba Higuera,0.2,0.18,0.6,0.74,0.85,0.92,0.18,320,"['science fiction', 'middle grade', 'fiction']","['adventurous', 'hopeful', 'emotional']",,,0,1,1,1,0,0,0,0,0,0,0,0,0,0,0,0,0,1,1,1,0,0,0,0,1,0,0,0,0,0,0,0,0,0,0,0,0,0,0,0,0,0,0,0,0,0,0,0,0,0,0,0,0,0,0,0
The Last Kids on Earth and the Zombie Parade,"Douglas Holgate, Max Brallier",0.5,0.14,0.35000000000000003,0.5700000000000001,1,0.85,0.07,240,"['fantasy', 'middle grade', 'fiction']","['adventurous', 'funny']",,,0,1,0,0,0,0,0,1,0,0,0,0,0,0,0,0,0,0,1,1,1,0,0,0,0,0,0,0,0,0,0,0,0,0,0,0,0,0,0,0,0,0,0,0,0,0,0,0,0,0,0,0,0,0,0,0
"The Littlest Bigfoot, Volume 1",Jennifer Weiner,0.25,0.25,0.5,1,1,0.25,0.75,304,"['fantasy', 'childrens', 'middle grade', 'fiction']",['lighthearted'],,,1,0,0,0,0,0,0,0,0,0,0,0,0,0,0,1,0,0,1,1,1,0,0,0,0,0,0,0,0,0,0,0,0,0,0,0,0,0,0,0,0,0,0,0,0,0,0,0,0,0,0,0,0,0,0,0
The Magic Misfits,"Neil Patrick Harris          with Kyle Hinton (Illustrator), Lissy Marlin (Illustrator)        ",0.27,0.09,0.62,0.64,0.96,0.9500000000000001,0.3,253,"['fantasy', 'middle grade', 'fiction']","['adventurous', 'funny', 'lighthearted']",,,1,1,0,0,0,0,0,1,0,0,0,0,0,0,0,0,0,0,1,1,1,0,0,0,0,0,0,0,0,0,0,0,0,0,0,0,0,0,0,0,0,0,0,0,0,0,0,0,0,0,0,0,0,0,0,0
The Magic Misfits: The Second Story,"Neil Patrick Harris          with Lissy Marlin (Illustrator), Kyle Hilton (Illustrator)        ",0.07,0.23,0.6900000000000001,0.84,1,0.93,0.15,336,"['fantasy', 'middle grade', 'fiction']","['adventurous', 'mysterious', 'lighthearted']",,,1,1,0,0,1,0,0,0,0,0,0,0,0,0,0,0,0,0,1,1,1,0,0,0,0,0,0,0,0,0,0,0,0,0,0,0,0,0,0,0,0,0,0,0,0,0,0,0,0,0,0,0,0,0,0,0
The Marvellers,Dhonielle Clayton,0.21,0.1,0.67,0.8,0.92,1,0.28,416,"['fantasy', 'middle grade', 'fiction']","['adventurous', 'mysterious']",,,0,1,0,0,1,0,0,0,0,0,0,0,0,0,0,0,0,0,1,1,1,0,0,0,0,0,0,0,0,0,0,0,0,0,0,0,0,0,0,0,0,0,0,0,0,0,0,0,0,0,0,0,0,0,0,0
The Marvels,Brian Selznick,0.18,0.41000000000000003,0.39,0.68,0.87,0.43,0.25,672,"['childrens', 'historical', 'fiction', 'mystery']","['adventurous', 'mysterious', 'emotional']",,,0,1,0,1,1,0,0,0,0,0,0,0,0,0,0,1,0,0,0,1,0,0,0,0,0,1,0,0,1,0,0,0,0,0,0,0,0,0,0,0,0,0,0,0,0,0,0,0,0,0,0,0,0,0,0,0
The Midnight Children,Dan Gemeinhart,0.16,0.3,0.52,0.9,0.93,0.18,0.51,352,"['middle grade', 'fiction']","['mysterious', 'emotional']",,,0,0,0,1,1,0,0,0,0,0,0,0,0,0,0,0,0,0,1,1,0,0,0,0,0,0,0,0,0,0,0,0,0,0,0,0,0,0,0,0,0,0,0,0,0,0,0,0,0,0,0,0,0,0,0,0
The Misadventures of Max Crumbly 2: Middle School Mayhem,Rachel Renée Russell          with Rachel Renée Russell (Illustrator)        ,NA,0.5,0.5,NA,0.66,NA,0.5,240,"['middle grade', 'fiction']","['funny', 'lighthearted']",,,1,0,0,0,0,0,0,1,0,0,0,0,0,0,0,0,0,0,1,1,0,0,0,0,0,0,0,0,0,0,0,0,0,0,0,0,0,0,0,0,0,0,0,0,0,0,0,0,0,0,0,0,0,0,0,0
The Misadventures of Max Crumbly: Locker Hero,Rachel Ren Russell          with Rachel Ren Russell (Illustrator)        ,0.2,0.2,0.6,0.2,0.8,0.16,0.6,320,"['childrens', 'middle grade', 'fiction']",['funny'],,,0,0,0,0,0,0,0,1,0,0,0,0,0,0,0,1,0,0,1,1,0,0,0,0,0,0,0,0,0,0,0,0,0,0,0,0,0,0,0,0,0,0,0,0,0,0,0,0,0,0,0,0,0,0,0,0
The Official Harry Potter Baking Book: 45 Recipes Inspired by the Films,Joanna Farrow,NA,NA,NA,NA,NA,NA,NA,128,"['nonfiction', 'food and drink', 'childrens']","['informative', 'lighthearted']",,,1,0,0,0,0,0,1,0,0,0,0,0,0,0,1,1,0,0,0,1,0,0,0,0,0,0,0,0,0,0,0,0,0,0,0,0,0,0,0,0,0,0,1,0,0,0,0,0,0,0,0,0,0,0,0,0
The Ogress and the Orphans,Kelly Barnhill,0.15,0.34,0.5,0.74,0.93,0.58,0.44,400,"['middle grade', 'fiction']","['mysterious', 'hopeful', 'reflective']",,,0,0,1,0,1,1,0,0,0,0,0,0,0,0,0,0,0,0,1,1,0,0,0,0,0,0,0,0,0,0,0,0,0,0,0,0,0,0,0,0,0,0,0,0,0,0,0,0,0,0,0,0,0,0,0,0
The One and Only Bob,Katherine Applegate          with Patricia Castelao (Illustrator)        ,0.2,0.29,0.49,0.74,0.96,0.44,0.48,352,"['childrens', 'middle grade', 'fiction']","['adventurous', 'funny', 'lighthearted']",,,1,1,0,0,0,0,0,1,0,0,0,0,0,0,0,1,0,0,1,1,0,0,0,0,0,0,0,0,0,0,0,0,0,0,0,0,0,0,0,0,0,0,0,0,0,0,0,0,0,0,0,0,0,0,0,0
"The Playbook: 52 Rules to Aim, Shoot, and Score in This Game Called Life",Kwame Alexander,NA,NA,NA,NA,NA,NA,NA,169,"['nonfiction', 'poetry', 'middle grade', 'sports']",['adventurous'],,,0,1,0,0,0,0,0,0,0,0,0,0,0,0,1,0,1,0,1,1,0,0,0,0,0,0,0,0,0,0,1,0,0,0,0,0,0,0,0,0,0,0,0,0,0,0,0,0,0,0,0,0,0,0,0,0
The Princess in Black and the Perfect Princess Party,"Shannon Hale, Dean Hale          with LeUyen Pham (Illustrator)        ",0.5,NA,0.5,0.5,1,1,NA,96,"['childrens', 'fantasy', 'fiction']","['adventurous', 'lighthearted']",,,1,1,0,0,0,0,0,0,0,0,0,0,0,0,0,1,0,0,0,1,1,0,0,0,0,0,0,0,0,0,0,0,0,0,0,0,0,0,0,0,0,0,0,0,0,0,0,0,0,0,0,0,0,0,0,0
The Purloining of Prince Oleomargarine,"Mark Twain, Philip C. Stead          with Erin Stead (Illustrator)        ",1,NA,NA,NA,1,NA,NA,152,"['childrens', 'fantasy', 'fiction']","['adventurous', 'funny']",,,0,1,0,0,0,0,0,1,0,0,0,0,0,0,0,1,0,0,0,1,1,0,0,0,0,0,0,0,0,0,0,0,0,0,0,0,0,0,0,0,0,0,0,0,0,0,0,0,0,0,0,0,0,0,0,0
The Rhythm of Time,"Questlove, S. A. Cosby          with Keylor Leigh (Narrator)        ",0.5,NA,0.5,0.5700000000000001,0.75,0.75,0.42,NA,"['middle grade', 'fiction']",[],,,0,0,0,0,0,0,0,0,0,0,0,0,0,0,0,0,0,0,1,1,0,0,0,0,0,0,0,0,0,0,0,0,0,0,0,0,0,0,0,0,0,0,0,0,0,0,0,0,0,0,0,0,0,0,0,0
The Secret Keepers,Trenton Lee Stewart,0.6,0.05,0.35000000000000003,0.6,0.9,0.21,0.38,512,"['fantasy', 'middle grade', 'fiction', 'mystery']","['adventurous', 'mysterious']",,,0,1,0,0,1,0,0,0,0,0,0,0,0,0,0,0,0,0,1,1,1,0,0,0,0,1,0,0,0,0,0,0,0,0,0,0,0,0,0,0,0,0,0,0,0,0,0,0,0,0,0,0,0,0,0,0
The Silver Arrow,Lev Grossman,0.47000000000000003,0.08,0.44,0.81,0.85,0.27,0.24,272,"['childrens', 'fantasy', 'middle grade', 'fiction']","['adventurous', 'mysterious', 'lighthearted']",,,1,1,0,0,1,0,0,0,0,0,0,0,0,0,0,1,0,0,1,1,1,0,0,0,0,0,0,0,0,0,0,0,0,0,0,0,0,0,0,0,0,0,0,0,0,0,0,0,0,0,0,0,0,0,0,0
The Sister Switch (Best Wishes #2),"Debbie Rigaud, Sarah Mlynowski, Maxine Vee",NA,1,NA,1,NA,1,NA,192,"['fantasy', 'childrens', 'fiction']","['lighthearted', 'adventurous']",,,1,1,0,0,0,0,0,0,0,0,0,0,0,0,0,1,0,0,0,1,1,0,0,0,0,0,0,0,0,0,0,0,0,0,0,0,0,0,0,0,0,0,0,0,0,0,0,0,0,0,0,0,0,0,0,0
The Stars Did Wander Darkling,Colin Meloy,0.71,NA,0.28,0.35000000000000003,0.88,0.06,0.1,336,"['thriller', 'horror', 'fiction', 'young adult']","['adventurous', 'mysterious', 'dark']",,,0,1,0,0,1,0,0,0,0,0,1,0,0,0,0,0,0,0,0,1,0,1,0,0,0,0,1,0,0,0,0,0,0,0,0,0,0,0,0,0,0,0,0,0,0,0,0,0,0,0,0,0,1,0,0,0
The Storm Runner,J.C. Cervantes,0.5,0.08,0.38,0.75,0.71,0.85,0.62,431,"['fantasy', 'childrens', 'middle grade', 'fiction']",['adventurous'],,,0,1,0,0,0,0,0,0,0,0,0,0,0,0,0,1,0,0,1,1,1,0,0,0,0,0,0,0,0,0,0,0,0,0,0,0,0,0,0,0,0,0,0,0,0,0,0,0,0,0,0,0,0,0,0,0
The Story of Diva and Flea,Mo Willems          with Tony DiTerlizzi (Illustrator)        ,0.2,0.2,0.6,0.8,1,0.6,0.6,80,"['childrens', 'fiction']",['lighthearted'],,,1,0,0,0,0,0,0,0,0,0,0,0,0,0,0,1,0,0,0,1,0,0,0,0,0,0,0,0,0,0,0,0,0,0,0,0,0,0,0,0,0,0,0,0,0,0,0,0,0,0,0,0,0,0,0,0
The Sun and the Star,"Mark Oshiro, Rick Riordan",0.07,0.27,0.64,0.98,0.99,0.87,0.88,480,"['fantasy', 'lgbtqia+', 'middle grade', 'fiction']","['adventurous', 'funny', 'emotional']",,,0,1,0,1,0,0,0,1,0,0,0,0,0,0,0,0,0,0,1,1,1,0,0,0,0,0,0,0,0,0,0,0,0,0,0,0,0,0,0,0,0,0,0,0,0,0,0,0,0,0,0,0,0,1,0,0
The Swifts: A Dictionary of Scoundrels,Beth Lincoln          with Claire Powell (Illustrator)        ,0.25,0.03,0.71,0.92,0.96,0.87,0.6900000000000001,352,"['middle grade', 'fiction']","['mysterious', 'lighthearted', 'funny']",,,1,0,0,0,1,0,0,1,0,0,0,0,0,0,0,0,0,0,1,1,0,0,0,0,0,0,0,0,0,0,0,0,0,0,0,0,0,0,0,0,0,0,0,0,0,0,0,0,0,0,0,0,0,0,0,0
The Sword of Summer,Rick Riordan,0.29,0.06,0.62,0.79,0.9400000000000001,0.93,0.39,497,"['fantasy', 'fiction', 'young adult']","['adventurous', 'funny', 'lighthearted']",,,1,1,0,0,0,0,0,1,0,0,0,0,0,0,0,0,0,0,0,1,1,1,0,0,0,0,0,0,0,0,0,0,0,0,0,0,0,0,0,0,0,0,0,0,0,0,0,0,0,0,0,0,0,0,0,0
The Terrible Two,"Mac Barnett          with Jory John, Kevin Cornell",0.33,0.22,0.44,0.75,0.75,0.5,0.28,218,"['middle grade', 'fiction']","['funny', 'lighthearted']",,,1,0,0,0,0,0,0,1,0,0,0,0,0,0,0,0,0,0,1,1,0,0,0,0,0,0,0,0,0,0,0,0,0,0,0,0,0,0,0,0,0,0,0,0,0,0,0,0,0,0,0,0,0,0,0,0
The Terrible Two Get Worse,"Jory John, Mac Barnett          with Kevin Cornell (Illustrator)        ",NA,1,NA,0.5,1,0.5,NA,224,"['middle grade', 'fiction']","['funny', 'lighthearted']",,,1,0,0,0,0,0,0,1,0,0,0,0,0,0,0,0,0,0,1,1,0,0,0,0,0,0,0,0,0,0,0,0,0,0,0,0,0,0,0,0,0,0,0,0,0,0,0,0,0,0,0,0,0,0,0,0
The Thing About Jellyfish,Ali Benjamin,0.01,0.74,0.24,0.87,0.84,0.3,0.71,352,"['fiction', 'young adult']","['reflective', 'emotional']",,,0,0,0,1,0,1,0,0,0,0,0,0,0,0,0,0,0,0,0,1,0,1,0,0,0,0,0,0,0,0,0,0,0,0,0,0,0,0,0,0,0,0,0,0,0,0,0,0,0,0,0,0,0,0,0,0
The Unbreakable Code,Jennifer Chambliss Bertman,0.5,NA,0.5,0.5,1,0.76,0.15,368,"['mystery', 'middle grade', 'fiction']","['mysterious', 'adventurous']",,,0,1,0,0,1,0,0,0,0,0,0,0,0,0,0,0,0,0,1,1,0,0,0,0,0,1,0,0,0,0,0,0,0,0,0,0,0,0,0,0,0,0,0,0,0,0,0,0,0,0,0,0,0,0,0,0
The Vanderbeekers and the Hidden Garden,Karina Yan Glaser,0.34,0.13,0.51,0.75,0.97,0.91,0.11,336,"['contemporary', 'middle grade', 'fiction']","['emotional', 'hopeful', 'lighthearted']",,,1,0,1,1,0,0,0,0,0,0,0,0,0,0,0,0,0,0,1,1,0,0,0,0,0,0,0,0,0,1,0,0,0,0,0,0,0,0,0,0,0,0,0,0,0,0,0,0,0,0,0,0,0,0,0,0
The War I Finally Won,Kimberly Brubaker Bradley,0.04,0.55,0.39,0.97,0.91,0.49,0.72,400,"['fiction', 'young adult']",['emotional'],,,0,0,0,1,0,0,0,0,0,0,0,0,0,0,0,0,0,0,0,1,0,1,0,0,0,0,0,0,0,0,0,0,0,0,0,0,0,0,0,0,0,0,0,0,0,0,0,0,0,0,0,0,0,0,0,0
The War That Saved My Life,Kimberly Brubaker Bradley,0.07,0.41000000000000003,0.51,0.97,0.89,0.31,0.73,320,"['middle grade', 'historical', 'fiction']","['hopeful', 'emotional', 'reflective']",,,0,0,1,1,0,1,0,0,0,0,0,0,0,0,0,0,0,0,1,1,0,0,0,0,0,0,0,0,1,0,0,0,0,0,0,0,0,0,0,0,0,0,0,0,0,0,0,0,0,0,0,0,0,0,0,0
The Wild Robot,Peter Brown,0.08,0.56,0.35000000000000003,0.86,0.96,0.48,0.23,279,"['fantasy', 'science fiction', 'middle grade', 'fiction']","['adventurous', 'hopeful', 'lighthearted']",,,1,1,1,0,0,0,0,0,0,0,0,0,0,0,0,0,0,1,1,1,1,0,0,0,1,0,0,0,0,0,0,0,0,0,0,0,0,0,0,0,0,0,0,0,0,0,0,0,0,0,0,0,0,0,0,0
The Wild Robot Escapes,Peter Brown,0.31,0.24,0.44,0.67,0.96,0.64,0.15,288,"['fantasy', 'science fiction', 'fiction']","['adventurous', 'emotional']",,,0,1,0,1,0,0,0,0,0,0,0,0,0,0,0,0,0,1,0,1,1,0,0,0,1,0,0,0,0,0,0,0,0,0,0,0,0,0,0,0,0,0,0,0,0,0,0,0,0,0,0,0,0,0,0,0
The Windeby Puzzle: History and Story,Lois Lowry,0.25,0.58,0.16,0.29,0.7000000000000001,0.2,0.31,224,"['historical', 'childrens', 'middle grade', 'fiction']","['hopeful', 'mysterious']",,,0,0,1,0,1,0,0,0,0,0,0,0,0,0,0,1,0,0,1,1,0,0,0,0,0,0,0,0,1,0,0,0,0,0,0,0,0,0,0,0,0,0,0,0,0,0,0,0,0,0,0,0,0,0,0,0
The Wizards of Once,Cressida Cowell,0.3,0.06,0.63,0.6,0.73,0.44,0.74,393,"['fantasy', 'middle grade', 'fiction']","['lighthearted', 'adventurous', 'funny']",,,1,1,0,0,0,0,0,1,0,0,0,0,0,0,0,0,0,0,1,1,1,0,0,0,0,0,0,0,0,0,0,0,0,0,0,0,0,0,0,0,0,0,0,0,0,0,0,0,0,0,0,0,0,0,0,0
The Wizenard Series: Season One,Wesley King,NA,0.5,0.5,1,1,1,1,208,"['childrens', 'fantasy', 'fiction', 'sports']",['adventurous'],,,0,1,0,0,0,0,0,0,0,0,0,0,0,0,0,1,0,0,0,1,1,0,0,0,0,0,0,0,0,0,1,0,0,0,0,0,0,0,0,0,0,0,0,0,0,0,0,0,0,0,0,0,0,0,0,0
The Wizenard Series: Training Camp,"Wesley King, Kobe Bryant",NA,NA,NA,NA,NA,NA,NA,816,"['fantasy', 'middle grade', 'fiction', 'sports']",['adventurous'],,,0,1,0,0,0,0,0,0,0,0,0,0,0,0,0,0,0,0,1,1,1,0,0,0,0,0,0,0,0,0,1,0,0,0,0,0,0,0,0,0,0,0,0,0,0,0,0,0,0,0,0,0,0,0,0,0
The Zodiac Legacy: The Dragon's Return,"Stuart Moore, Stan Lee          with Andie Tong (Illustrator)        ",NA,NA,1,0.75,0.8,1,1,432,"['fantasy', 'middle grade', 'young adult', 'fiction']",['adventurous'],,,0,1,0,0,0,0,0,0,0,0,0,0,0,0,0,0,0,0,1,1,1,1,0,0,0,0,0,0,0,0,0,0,0,0,0,0,0,0,0,0,0,0,0,0,0,0,0,0,0,0,0,0,0,0,0,0
Thirst,Varsha Bajaj,0.25,0.15,0.59,0.8300000000000001,0.96,0.87,0.11,192,"['contemporary', 'middle grade', 'fiction']","['informative', 'hopeful', 'inspiring']",,,0,0,1,0,0,0,1,0,0,0,0,1,0,0,0,0,0,0,1,1,0,0,0,0,0,0,0,0,0,1,0,0,0,0,0,0,0,0,0,0,0,0,0,0,0,0,0,0,0,0,0,0,0,0,0,0
This Is Your Time,Ruby Bridges,NA,NA,NA,NA,NA,NA,NA,64,"['nonfiction', 'memoir', 'childrens', 'history']",['emotional'],,,0,0,0,1,0,0,0,0,0,0,0,0,0,0,1,1,0,0,0,1,0,0,0,0,0,0,0,0,0,0,0,0,0,1,0,0,0,0,0,0,1,0,0,0,0,0,0,0,0,0,0,0,0,0,0,0
Three Keys,Kelly Yang,0.13,0.2,0.65,0.92,0.97,1,0.34,304,"['middle grade', 'fiction']","['emotional', 'hopeful', 'inspiring']",,,0,0,1,1,0,0,0,0,0,0,0,1,0,0,0,0,0,0,1,1,0,0,0,0,0,0,0,0,0,0,0,0,0,0,0,0,0,0,0,0,0,0,0,0,0,0,0,0,0,0,0,0,0,0,0,0
Tristan Strong Destroys The World,Kwame Mbalia,0.43,0.09,0.47000000000000003,0.81,0.91,0.9500000000000001,0.63,320,"['fantasy', 'middle grade', 'fiction']","['emotional', 'lighthearted', 'adventurous']",,,1,1,0,1,0,0,0,0,0,0,0,0,0,0,0,0,0,0,1,1,1,0,0,0,0,0,0,0,0,0,0,0,0,0,0,0,0,0,0,0,0,0,0,0,0,0,0,0,0,0,0,0,0,0,0,0
Tristan Strong Punches a Hole in the Sky,Kwame Mbalia,0.33,0.06,0.6,0.91,0.93,0.9400000000000001,0.73,496,"['fantasy', 'middle grade', 'fiction']","['adventurous', 'lighthearted', 'emotional']",,,1,1,0,1,0,0,0,0,0,0,0,0,0,0,0,0,0,0,1,1,1,0,0,0,0,0,0,0,0,0,0,0,0,0,0,0,0,0,0,0,0,0,0,0,0,0,0,0,0,0,0,0,0,0,0,0
Troublemaker,John Cho          with Sarah Suk (Contributor)        ,0.15,0.33,0.51,0.87,0.8,0.96,0.76,288,"['historical', 'middle grade', 'young adult', 'fiction']","['emotional', 'reflective']",,,0,0,0,1,0,1,0,0,0,0,0,0,0,0,0,0,0,0,1,1,0,1,0,0,0,0,0,0,1,0,0,0,0,0,0,0,0,0,0,0,0,0,0,0,0,0,0,0,0,0,0,0,0,0,0,0
Tunnel of Bones ,Victoria Schwab,0.38,0.1,0.5,0.55,0.9400000000000001,0.18,0.3,304,"['fantasy', 'middle grade', 'fiction']","['mysterious', 'adventurous']",,,0,1,0,0,1,0,0,0,0,0,0,0,0,0,0,0,0,0,1,1,1,0,0,0,0,0,0,0,0,0,0,0,0,0,0,0,0,0,0,0,0,0,0,0,0,0,0,0,0,0,0,0,0,0,0,0
Two Degrees,Alan Gratz,0.52,0.02,0.44,0.81,0.84,0.87,0.09,384,"['middle grade', 'fiction']","['sad', 'reflective', 'emotional']",,,0,0,0,1,0,1,0,0,0,0,0,0,1,0,0,0,0,0,1,1,0,0,0,0,0,0,0,0,0,0,0,0,0,0,0,0,0,0,0,0,0,0,0,0,0,0,0,0,0,0,0,0,0,0,0,0
Uncomfortable Conversations with a Black Boy,Emmanuel Acho,NA,NA,NA,NA,NA,NA,NA,320,"['nonfiction', 'childrens', 'race']","['informative', 'challenging', 'reflective']",,,0,0,0,0,0,1,1,0,1,0,0,0,0,0,1,1,0,0,0,1,0,0,0,0,0,0,0,0,0,0,0,0,0,0,0,0,0,0,1,0,0,0,0,0,0,0,0,0,0,0,0,0,0,0,0,0
"Unstoppable Us, Volume 1: How Humans Took Over the World",Yuval Noah Harari,NA,NA,NA,NA,NA,NA,NA,NA,['nonfiction'],[],,,0,0,0,0,0,0,0,0,0,0,0,0,0,0,1,0,0,0,0,1,0,0,0,0,0,0,0,0,0,0,0,0,0,0,0,0,0,0,0,0,0,0,0,0,0,0,0,0,0,0,0,0,0,0,0,0
Warriors: A Starless Clan #2: Sky,Erin Hunter,0.33,0.16,0.5,0.41000000000000003,0.55,0.35000000000000003,0.7000000000000001,NA,"['fantasy', 'fiction']","['adventurous', 'mysterious', 'tense']",,,0,1,0,0,1,0,0,0,0,1,0,0,0,0,0,0,0,0,0,1,1,0,0,0,0,0,0,0,0,0,0,0,0,0,0,0,0,0,0,0,0,0,0,0,0,0,0,0,0,0,0,0,0,0,0,0
Warriors: The Broken Code: Lost Stars,Erin Hunter,0.4,0.1,0.5,0.3,0.81,0.5,0.6,304,"['fantasy', 'middle grade', 'fiction']","['adventurous', 'mysterious']",,,0,1,0,0,1,0,0,0,0,0,0,0,0,0,0,0,0,0,1,1,1,0,0,0,0,0,0,0,0,0,0,0,0,0,0,0,0,0,0,0,0,0,0,0,0,0,0,0,0,0,0,0,0,0,0,0
We Are Family,"LeBron James, LeBron James, Andrea Williams, Andrea Williams",NA,NA,NA,NA,NA,NA,NA,256,"['middle grade', 'fiction', 'sports']",['emotional'],,,0,0,0,1,0,0,0,0,0,0,0,0,0,0,0,0,0,0,1,1,0,0,0,0,0,0,0,0,0,0,1,0,0,0,0,0,0,0,0,0,0,0,0,0,0,0,0,0,0,0,0,0,0,0,0,0
Welcome to Smellville (Garbage Pail Kids #1),"R.L. Stine, Joe Simko, Jeff Zapata",1,NA,NA,NA,0.5,NA,NA,208,"['middle grade', 'fiction']","['lighthearted', 'adventurous', 'dark']",,,1,1,0,0,0,0,0,0,0,0,1,0,0,0,0,0,0,0,1,1,0,0,0,0,0,0,0,0,0,0,0,0,0,0,0,0,0,0,0,0,0,0,0,0,0,0,0,0,0,0,0,0,0,0,0,0
When the Sea Turned to Silver,Grace Lin,0.21,0.13,0.65,0.75,0.9500000000000001,0.8,0.4,384,"['fantasy', 'middle grade', 'fiction']","['adventurous', 'mysterious', 'emotional']",,,0,1,0,1,1,0,0,0,0,0,0,0,0,0,0,0,0,0,1,1,1,0,0,0,0,0,0,0,0,0,0,0,0,0,0,0,0,0,0,0,0,0,0,0,0,0,0,0,0,0,0,0,0,0,0,0
When You Trap a Tiger,Tae Keller,0.04,0.48,0.46,0.9500000000000001,0.92,0.9500000000000001,0.51,304,"['fantasy', 'middle grade', 'fiction']","['reflective', 'emotional']",,,0,0,0,1,0,1,0,0,0,0,0,0,0,0,0,0,0,0,1,1,1,0,0,0,0,0,0,0,0,0,0,0,0,0,0,0,0,0,0,0,0,0,0,0,0,0,0,0,0,0,0,0,0,0,0,0
Wild Rescuers: Escape to the Mesa,StacyPlays,0.25,0.25,0.5,0.5,1,0.5,0.25,224,"['fantasy', 'childrens', 'fiction']","['lighthearted', 'adventurous']",,,1,1,0,0,0,0,0,0,0,0,0,0,0,0,0,1,0,0,0,1,1,0,0,0,0,0,0,0,0,0,0,0,0,0,0,0,0,0,0,0,0,0,0,0,0,0,0,0,0,0,0,0,0,0,0,0
Wild Rescuers: Guardians of the Taiga,StacyPlays,0.16,0.16,0.66,NA,0.8300000000000001,0.4,0.33,224,"['fantasy', 'middle grade', 'fiction']",['adventurous'],,,0,1,0,0,0,0,0,0,0,0,0,0,0,0,0,0,0,0,1,1,1,0,0,0,0,0,0,0,0,0,0,0,0,0,0,0,0,0,0,0,0,0,0,0,0,0,0,0,0,0,0,0,0,0,0,0
Willa of Dark Hollow,Robert Beatty,0.18,0.18,0.63,0.63,0.63,0.45,0.54,384,"['fantasy', 'historical', 'middle grade', 'fiction']","['mysterious', 'reflective', 'adventurous']",,,0,1,0,0,1,1,0,0,0,0,0,0,0,0,0,0,0,0,1,1,1,0,0,0,0,0,0,0,1,0,0,0,0,0,0,0,0,0,0,0,0,0,0,0,0,0,0,0,0,0,0,0,0,0,0,0
"Willa of the Wood (Willa of the Wood, Book 1)",Robert Beatty,0.05,0.26,0.64,0.85,0.84,0.71,0.51,384,"['fantasy', 'middle grade', 'fiction', 'young adult']",['adventurous'],,,0,1,0,0,0,0,0,0,0,0,0,0,0,0,0,0,0,0,1,1,1,1,0,0,0,0,0,0,0,0,0,0,0,0,0,0,0,0,0,0,0,0,0,0,0,0,0,0,0,0,0,0,0,0,0,0
Willodeen,Katherine Applegate          with Charles Santoso (Illustrator)        ,0.28,0.15,0.56,0.62,0.93,0.36,0.29,256,"['childrens', 'fantasy', 'fiction']","['adventurous', 'mysterious', 'emotional']",,,0,1,0,1,1,0,0,0,0,0,0,0,0,0,0,1,0,0,0,1,1,0,0,0,0,0,0,0,0,0,0,0,0,0,0,0,0,0,0,0,0,0,0,0,0,0,0,0,0,0,0,0,0,0,0,0
Wings of Fire Legends: Dragonslayer,Tui T. Sutherland,NA,NA,NA,NA,NA,NA,NA,NA,[],[],,,0,0,0,0,0,0,0,0,0,0,0,0,0,0,0,0,0,0,0,0,0,0,0,0,0,0,0,0,0,0,0,0,0,0,0,0,0,0,0,0,0,0,0,0,0,0,0,0,0,0,0,0,0,0,0,0
Wishtree,Katherine Applegate,0.23,0.45,0.27,0.55,0.9500000000000001,0.92,0.11,224,"['fantasy', 'childrens', 'fiction']","['emotional', 'hopeful']",,,0,0,1,1,0,0,0,0,0,0,0,0,0,0,0,1,0,0,0,1,1,0,0,0,0,0,0,0,0,0,0,0,0,0,0,0,0,0,0,0,0,0,0,0,0,0,0,0,0,0,0,0,0,0,0,0
Witchlings,Claribel A. Ortega,0.23,0.08,0.67,0.97,0.9400000000000001,0.9400000000000001,0.52,334,"['fantasy', 'middle grade', 'fiction']","['adventurous', 'funny', 'lighthearted']",,,1,1,0,0,0,0,0,1,0,0,0,0,0,0,0,0,0,0,1,1,1,0,0,0,0,0,0,0,0,0,0,0,0,0,0,0,0,0,0,0,0,0,0,0,0,0,0,0,0,0,0,0,0,0,0,0
Wolf Hollow,Lauren Wolk,0.15,0.26,0.58,0.76,0.62,0.21,0.43,304,"['young adult', 'fiction']",['reflective'],,,0,0,0,0,0,1,0,0,0,0,0,0,0,0,0,0,0,0,0,1,0,1,0,0,0,0,0,0,0,0,0,0,0,0,0,0,0,0,0,0,0,0,0,0,0,0,0,0,0,0,0,0,0,0,0,0
"Wolfpack: How to Come Together, Unleash Our Power, and Change the Game",Abby Wambach,NA,NA,NA,NA,NA,NA,NA,112,"['nonfiction', 'self help', 'feminism']","['informative', 'inspiring']",,,0,0,0,0,0,0,1,0,0,0,0,1,0,0,1,0,0,0,0,1,0,0,0,0,0,0,0,0,0,0,0,0,0,0,0,0,0,1,0,0,0,0,0,1,0,0,0,0,0,0,0,0,0,0,0,0
Women in Science: 50 Fearless Pioneers Who Changed the World,Rachel Ignotofsky,NA,NA,NA,NA,NA,NA,NA,128,"['nonfiction', 'feminism', 'history', 'science']","['inspiring', 'informative', 'lighthearted']",,,1,0,0,0,0,0,1,0,0,0,0,1,0,0,1,0,0,0,0,1,0,0,0,0,1,0,0,0,0,0,0,0,0,0,0,0,0,0,0,0,1,0,0,1,0,0,0,0,0,0,0,0,0,0,0,0
Wonder,R.J. Palacio,0.03,0.79,0.17,0.91,0.92,0.6900000000000001,0.67,320,"['contemporary', 'middle grade', 'fiction', 'young adult']","['inspiring', 'hopeful', 'emotional']",,,0,0,1,1,0,0,0,0,0,0,0,1,0,0,0,0,0,0,1,1,0,1,0,0,0,0,0,0,0,1,0,0,0,0,0,0,0,0,0,0,0,0,0,0,0,0,0,0,0,0,0,0,0,0,0,0
Word of Mouse,James Patterson          with Joe Sutphin (Illustrator)        ,NA,0.2,0.8,0.75,1,0.8,1,304,"['fantasy', 'middle grade', 'fiction']",['adventurous'],,,0,1,0,0,0,0,0,0,0,0,0,0,0,0,0,0,0,0,1,1,1,0,0,0,0,0,0,0,0,0,0,0,0,0,0,0,0,0,0,0,0,0,0,0,0,0,0,0,0,0,0,0,0,0,0,0
Wow in the World: Wow in the Wild: The Amazing World of Animals,"Guy Raz, Guy Raz, Mindy Thomas, Mindy Thomas, Jack Teagle, Jack Teagle",NA,NA,NA,NA,NA,NA,NA,240,['nonfiction'],"['adventurous', 'funny', 'informative']",,,0,1,0,0,0,0,1,1,0,0,0,0,0,0,1,0,0,0,0,1,0,0,0,0,0,0,0,0,0,0,0,0,0,0,0,0,0,0,0,0,0,0,0,0,0,0,0,0,0,0,0,0,0,0,0,0
Wrath of the Dragon King,Brandon Mull,0.6,0.05,0.35000000000000003,0.6,0.96,0.47000000000000003,0.3,416,"['fantasy', 'childrens', 'middle grade', 'fiction']","['mysterious', 'adventurous']",,,0,1,0,0,1,0,0,0,0,0,0,0,0,0,0,1,0,0,1,1,1,0,0,0,0,0,0,0,0,0,0,0,0,0,0,0,0,0,0,0,0,0,0,0,0,0,0,0,0,0,0,0,0,0,0,0
Wundersmith: The Calling of Morrigan Crow,Jessica Townsend,0.21,0.07,0.7000000000000001,0.87,0.96,0.72,0.59,473,"['fantasy', 'middle grade', 'fiction']","['mysterious', 'lighthearted', 'adventurous']",,,1,1,0,0,1,0,0,0,0,0,0,0,0,0,0,0,0,0,1,1,1,0,0,0,0,0,0,0,0,0,0,0,0,0,0,0,0,0,0,0,0,0,0,0,0,0,0,0,0,0,0,0,0,0,0,0
You Go First,Erin Entrada Kelly,NA,0.6,0.33,0.92,0.93,0.66,0.61,304,"['childrens', 'middle grade', 'fiction']","['emotional', 'hopeful', 'lighthearted']",,,1,0,1,1,0,0,0,0,0,0,0,0,0,0,0,1,0,0,1,1,0,0,0,0,0,0,0,0,0,0,0,0,0,0,0,0,0,0,0,0,0,0,0,0,0,0,0,0,0,0,0,0,0,0,0,0
Zachary Ying and the Dragon Emperor,Xiran Jay Zhao,0.27,0.06,0.65,0.9,0.79,0.93,0.7000000000000001,352,"['fantasy', 'lgbtqia+', 'middle grade', 'fiction']","['adventurous', 'funny']",,,0,1,0,0,0,0,0,1,0,0,0,0,0,0,0,0,0,0,1,1,1,0,0,0,0,0,0,0,0,0,0,0,0,0,0,0,0,0,0,0,0,0,0,0,0,0,0,0,0,0,0,0,0,1,0,0
A Map to the Door of No Return,NA,NA,NA,NA,NA,NA,NA,NA,240,"['nonfiction', 'poetry', 'memoir', 'history']","['informative', 'challenging', 'reflective']",,,0,0,0,0,0,1,1,0,1,0,0,0,0,0,1,0,1,0,0,1,0,0,0,0,0,0,0,0,0,0,0,0,0,1,0,0,0,0,0,0,1,0,0,0,0,0,0,0,0,0,0,0,0,0,0,0
Dark River,NA,NA,NA,NA,NA,NA,NA,NA,322,"['fantasy', 'middle grade', 'fiction']",['adventurous'],,,0,1,0,0,0,0,0,0,0,0,0,0,0,0,0,0,0,0,1,1,1,0,0,0,0,0,0,0,0,0,0,0,0,0,0,0,0,0,0,0,0,0,0,0,0,0,0,0,0,0,0,0,0,0,0,0
Dog Diaries: Curse of the Mystery Mutt: A Middle School Story Dog Diaries #04 [With Battery],NA,NA,NA,NA,NA,NA,NA,NA,NA,"['childrens', 'fiction']","['hopeful', 'lighthearted']",,,1,0,1,0,0,0,0,0,0,0,0,0,0,0,0,1,0,0,0,1,0,0,0,0,0,0,0,0,0,0,0,0,0,0,0,0,0,0,0,0,0,0,0,0,0,0,0,0,0,0,0,0,0,0,0,0
The Unwanteds Quests Collection Books 1-3: Dragon Captives; Dragon Bones; Dragon Ghosts,NA,NA,NA,NA,NA,NA,NA,NA,142,"['fantasy', 'middle grade', 'fiction']",['mysterious'],,,0,0,0,0,1,0,0,0,0,0,0,0,0,0,0,0,0,0,1,1,1,0,0,0,0,0,0,0,0,0,0,0,0,0,0,0,0,0,0,0,0,0,0,0,0,0,0,0,0,0,0,0,0,0,0,0
Carry On,NA,NA,NA,NA,NA,NA,NA,NA,521,"['young adult', 'fiction', 'fantasy', 'lgbtqia+', 'romance']","['lighthearted', 'adventurous', 'funny']",,,1,1,0,0,0,0,0,1,0,0,0,0,0,0,0,0,0,0,0,1,1,1,0,0,0,0,0,0,0,0,0,0,0,0,0,0,0,0,0,0,0,0,0,0,0,0,0,0,0,0,0,0,0,1,1,0
The Strangers,NA,NA,NA,NA,NA,NA,NA,NA,416,"['fantasy', 'mystery', 'middle grade', 'fiction']","['mysterious', 'adventurous']",,,0,1,0,0,1,0,0,0,0,0,0,0,0,0,0,0,0,0,1,1,1,0,0,0,0,1,0,0,0,0,0,0,0,0,0,0,0,0,0,0,0,0,0,0,0,0,0,0,0,0,0,0,0,0,0,0
Lost Stars,NA,NA,NA,NA,NA,NA,NA,NA,320,"['fantasy', 'middle grade', 'fiction']","['mysterious', 'adventurous']",,,0,1,0,0,1,0,0,0,0,0,0,0,0,0,0,0,0,0,1,1,1,0,0,0,0,0,0,0,0,0,0,0,0,0,0,0,0,0,0,0,0,0,0,0,0,0,0,0,0,0,0,0,0,0,0,0
"From the Ashes: My Story of Being Métis, Homeless, and Finding My Way",NA,NA,NA,NA,NA,NA,NA,NA,368,"['nonfiction', 'memoir']","['emotional', 'sad', 'reflective']",,,0,0,0,1,0,1,0,0,0,0,0,0,1,0,1,0,0,0,0,1,0,0,0,0,0,0,0,0,0,0,0,0,0,1,0,0,0,0,0,0,0,0,0,0,0,0,0,0,0,0,0,0,0,0,0,0
The Strangers,NA,NA,NA,NA,NA,NA,NA,NA,416,"['fantasy', 'mystery', 'middle grade', 'fiction']","['mysterious', 'adventurous']",,,0,1,0,0,1,0,0,0,0,0,0,0,0,0,0,0,0,0,1,1,1,0,0,0,0,1,0,0,0,0,0,0,0,0,0,0,0,0,0,0,0,0,0,0,0,0,0,0,0,0,0,0,0,0,0,0
I Am (Not) the Walrus,NA,NA,NA,NA,NA,NA,NA,NA,288,"['music', 'young adult', 'fiction']",['lighthearted'],,,1,0,0,0,0,0,0,0,0,0,0,0,0,0,0,0,0,0,0,1,0,1,0,0,0,0,0,0,0,0,0,0,0,0,0,0,0,0,0,0,0,0,0,0,0,0,0,0,0,0,0,0,0,0,0,1
Once Upon a Time in the North,NA,NA,NA,NA,NA,NA,NA,NA,104,"['short stories', 'fantasy', 'young adult', 'fiction']",['adventurous'],,,0,1,0,0,0,0,0,0,0,0,0,0,0,0,0,0,0,0,0,1,1,1,0,0,0,0,0,0,0,0,0,1,0,0,0,0,0,0,0,0,0,0,0,0,0,0,0,0,0,0,0,0,0,0,0,0
The Rise of Wolf 8: Witnessing the Triumph of Yellowstone's Underdog,NA,NA,NA,NA,NA,NA,NA,NA,304,"['nonfiction', 'nature', 'science']","['informative', 'adventurous']",,,0,1,0,0,0,0,1,0,0,0,0,0,0,0,1,0,0,0,0,1,0,0,0,0,1,0,0,0,0,0,0,0,0,0,0,1,0,0,0,0,0,0,0,0,0,0,0,0,0,0,0,0,0,0,0,0
Carry On,NA,NA,NA,NA,NA,NA,NA,NA,521,"['young adult', 'fiction', 'fantasy', 'lgbtqia+', 'romance']","['lighthearted', 'adventurous', 'funny']",,,1,1,0,0,0,0,0,1,0,0,0,0,0,0,0,0,0,0,0,1,1,1,0,0,0,0,0,0,0,0,0,0,0,0,0,0,0,0,0,0,0,0,0,0,0,0,0,0,0,0,0,0,0,1,1,0
Flung Out of Space: The Indecent Adventures of Patricia Highsmith,NA,NA,NA,NA,NA,NA,NA,NA,208,"['fiction', 'biography', 'graphic novel', 'lgbtqia+', 'historical']","['emotional', 'reflective', 'challenging']",,,0,0,0,1,0,1,0,0,1,0,0,0,0,0,0,0,0,0,0,1,0,0,0,0,0,0,0,0,1,0,0,0,1,0,0,0,0,0,0,0,0,0,0,0,0,1,0,0,0,0,0,0,0,1,0,0
What If?: Serious Scientific Answers to Absurd Hypothetical Questions,NA,NA,NA,NA,NA,NA,NA,NA,320,"['nonfiction', 'science']","['informative', 'lighthearted', 'funny']",,,1,0,0,0,0,0,1,1,0,0,0,0,0,0,1,0,0,0,0,1,0,0,0,0,1,0,0,0,0,0,0,0,0,0,0,0,0,0,0,0,0,0,0,0,0,0,0,0,0,0,0,0,0,0,0,0
The Island of Missing Trees,NA,NA,NA,NA,NA,NA,NA,NA,354,"['literary', 'fiction']","['informative', 'emotional', 'reflective']",,,0,0,0,1,0,1,1,0,0,0,0,0,0,0,0,0,0,0,0,1,0,0,1,0,0,0,0,0,0,0,0,0,0,0,0,0,0,0,0,0,0,0,0,0,0,0,0,0,0,0,0,0,0,0,0,0
"Dilla Time: The Life and Afterlife of J Dilla, the Hip-Hop Producer Who Reinvented Rhythm",NA,NA,NA,NA,NA,NA,NA,NA,480,"['nonfiction', 'biography', 'music']","['informative', 'reflective', 'challenging']",,,0,0,0,0,0,1,1,0,1,0,0,0,0,0,1,0,0,0,0,1,0,0,0,0,0,0,0,0,0,0,0,0,1,0,0,0,0,0,0,0,0,0,0,0,0,0,0,0,0,0,0,0,0,0,0,1
The Sister Switch,NA,NA,NA,NA,NA,NA,NA,NA,160,"['nonfiction', 'childrens']",[],,,0,0,0,0,0,0,0,0,0,0,0,0,0,0,1,1,0,0,0,1,0,0,0,0,0,0,0,0,0,0,0,0,0,0,0,0,0,0,0,0,0,0,0,0,0,0,0,0,0,0,0,0,0,0,0,0
